id	genus	median_CE	n_reads	taxid
CGG3016617	Aegilops	1105	316	4480
CGG3016617	Agrostis	1105	17113	15297
CGG3016617	Alchemilla	1105	5218	23138
CGG3016617	Alopecurus	1105	11625	15303
CGG3016617	Ambrosia	1105	300	4211
CGG3016617	Anas	1105	598	8835
CGG3016617	Angelica	1105	2387	40948
CGG3016617	Antennaria	1105	1362	41475
CGG3016617	Anthoxanthum	1105	393	15324
CGG3016617	Avena	1105	121	4496
CGG3016617	Avenella	1105	951	391960
CGG3016617	Betula	1105	14040	3504
CGG3016617	Bison	1105	558	9900
CGG3016617	Bistorta	1105	2430	137670
CGG3016617	Bos	1105	748	9903
CGG3016617	Botrychium	1105	175	13829
CGG3016617	Brachypodium	1105	322	15367
CGG3016617	Bromus	1105	612	4501
CGG3016617	Calamagrostis	1105	1072	15376
CGG3016617	Callitriche	1105	214	13380
CGG3016617	Caltha	1105	1828	3448
CGG3016617	Capsella	1105	1978	3718
CGG3016617	Carex	1105	56991	13398
CGG3016617	Carpinus	1105	2160	12989
CGG3016617	Catabrosa	1105	2578	368337
CGG3016617	Cerastium	1105	138	3579
CGG3016617	Comarum	1105	479	395100
CGG3016617	Corylus	1105	8967	13450
CGG3016617	Cricetulus	1105	285	10028
CGG3016617	Cystopteris	1105	215	32111
CGG3016617	Dactylis	1105	377	4508
CGG3016617	Deschampsia	1105	595	15452
CGG3016617	Drosera	1105	11357	4363
CGG3016617	Eleocharis	1105	5141	46324
CGG3016617	Elymus	1105	248	15492
CGG3016617	Empetrum	1105	316	45918
CGG3016617	Epilobium	1105	401	13054
CGG3016617	Equisetum	1105	2188	3257
CGG3016617	Eriophorum	1105	1298	46326
CGG3016617	Erysimum	1105	20160	65352
CGG3016617	Euphrasia	1105	670	46053
CGG3016617	Festuca	1105	9460	4605
CGG3016617	Filipendula	1105	7656	23170
CGG3016617	Fragaria	1105	1558	3746
CGG3016617	Galeopsis	1105	103	457137
CGG3016617	Galium	1105	286	25168
CGG3016617	Geranium	1105	4826	4028
CGG3016617	Geum	1105	112	3761
CGG3016617	Glyceria	1105	287	37871
CGG3016617	Helictochloa	1105	380	1155210
CGG3016617	Hordeum	1105	85192	4512
CGG3016617	Isoetes	1105	625	13838
CGG3016617	Juglans	1105	143	16718
CGG3016617	Juncus	1105	1255	13578
CGG3016617	Lemna	1105	134	4469
CGG3016617	Lolium	1105	4663	4520
CGG3016617	Malus	1105	596	3749
CGG3016617	Menyanthes	1105	572	24581
CGG3016617	Myriophyllum	1105	487504	24952
CGG3016617	Oreojuncus	1105	507	1674043
CGG3016617	Ovis	1105	2154	9935
CGG3016617	Parnassia	1105	469	3796
CGG3016617	Pedicularis	1105	152	43174
CGG3016617	Phalaris	1105	188	15740
CGG3016617	Phasianus	1105	206	9053
CGG3016617	Phegopteris	1105	32439	93618
CGG3016617	Pinguicula	1105	362	4197
CGG3016617	Plantago	1105	271	26867
CGG3016617	Poa	1105	50195	4544
CGG3016617	Polygonum	1105	16367	46786
CGG3016617	Populus	1105	687	3689
CGG3016617	Potamogeton	1105	462050	13228
CGG3016617	Potentilla	1105	15164	23204
CGG3016617	Puccinellia	1105	2513	13648
CGG3016617	Puschkinia	1105	1851	81791
CGG3016617	Pyrus	1105	965	3766
CGG3016617	Ranunculus	1105	4517	3445
CGG3016617	Rhinanthus	1105	1812	46059
CGG3016617	Rosa	1105	458	3764
CGG3016617	Rubus	1105	129	23216
CGG3016617	Rumex	1105	1163	3618
CGG3016617	Salix	1105	21749	40685
CGG3016617	Saxifraga	1105	8178	3798
CGG3016617	Scilla	1105	9530	4701
CGG3016617	Scutellaria	1105	406	4139
CGG3016617	Silene	1105	143	3573
CGG3016617	Sorbus	1105	532	23222
CGG3016617	Stellaria	1105	272	13273
CGG3016617	Stuckenia	1105	70271	246706
CGG3016617	Taraxacum	1105	235	49743
CGG3016617	Thymus	1105	16504	49990
CGG3016617	Trisetum	1105	172	87476
CGG3016617	Triticum	1105	873	4564
CGG3016617	Utricularia	1105	741	13747
CGG3016617	Vaccinium	1105	499	13749
CGG3016617	Veratrum	1105	2061	50241
CGG3016617	Veronica	1105	130	4173
CGG3016617	Viola	1105	458	13757
CGG3016617	Zannichellia	1105	947	27253
CGG3016621	Aegilops	1077	447	4480
CGG3016621	Agrostis	1077	35859	15297
CGG3016621	Alchemilla	1077	7431	23138
CGG3016621	Alnus	1077	268	3515
CGG3016621	Alopecurus	1077	5053	15303
CGG3016621	Ambrosia	1077	608	4211
CGG3016621	Anas	1077	110	8835
CGG3016621	Angelica	1077	1116	40948
CGG3016621	Antennaria	1077	1420	41475
CGG3016621	Anthoxanthum	1077	1294	15324
CGG3016621	Auxenochlorella	1077	959	191392
CGG3016621	Avena	1077	168	4496
CGG3016621	Avenella	1077	1146	391960
CGG3016621	Betula	1077	29160	3504
CGG3016621	Bison	1077	1184	9900
CGG3016621	Bistorta	1077	4285	137670
CGG3016621	Bos	1077	2545	9903
CGG3016621	Botrychium	1077	886	13829
CGG3016621	Brachypodium	1077	631	15367
CGG3016621	Bromus	1077	386	4501
CGG3016621	Calamagrostis	1077	1735	15376
CGG3016621	Callitriche	1077	384	13380
CGG3016621	Caltha	1077	3664	3448
CGG3016621	Capsella	1077	4581	3718
CGG3016621	Carex	1077	35619	13398
CGG3016621	Carpinus	1077	3499	12989
CGG3016621	Catabrosa	1077	21055	368337
CGG3016621	Cerastium	1077	357	3579
CGG3016621	Ceratophyllum	1077	201	4427
CGG3016621	Chlorella	1077	148	3071
CGG3016621	Comarum	1077	1965	395100
CGG3016621	Corylus	1077	15644	13450
CGG3016621	Cricetulus	1077	491	10028
CGG3016621	Dactylis	1077	123	4508
CGG3016621	Deschampsia	1077	316	15452
CGG3016621	Drosera	1077	5320	4363
CGG3016621	Elatine	1077	273	125026
CGG3016621	Eleocharis	1077	9542	46324
CGG3016621	Elymus	1077	339	15492
CGG3016621	Empetrum	1077	486	45918
CGG3016621	Epilobium	1077	208	13054
CGG3016621	Equisetum	1077	3311	3257
CGG3016621	Equus	1077	169	9789
CGG3016621	Eriophorum	1077	1885	46326
CGG3016621	Erysimum	1077	33135	65352
CGG3016621	Euphrasia	1077	688	46053
CGG3016621	Festuca	1077	6796	4605
CGG3016621	Filipendula	1077	16445	23170
CGG3016621	Fragaria	1077	2480	3746
CGG3016621	Galeopsis	1077	1058	457137
CGG3016621	Galium	1077	843	25168
CGG3016621	Geranium	1077	13524	4028
CGG3016621	Geum	1077	309	3761
CGG3016621	Hedlundia	1077	194	2666035
CGG3016621	Helictochloa	1077	1151	1155210
CGG3016621	Hippuris	1077	130	39200
CGG3016621	Hordeum	1077	46642	4512
CGG3016621	Juglans	1077	133	16718
CGG3016621	Juncus	1077	6793	13578
CGG3016621	Lemna	1077	580	4469
CGG3016621	Leucanthemum	1077	609	99071
CGG3016621	Leymus	1077	500	52713
CGG3016621	Lipotes	1077	293	118796
CGG3016621	Littorella	1077	124	223166
CGG3016621	Lolium	1077	5843	4520
CGG3016621	Luzula	1077	2928	46322
CGG3016621	Malus	1077	1136	3749
CGG3016621	Matricaria	1077	163	56016
CGG3016621	Menyanthes	1077	557	24581
CGG3016621	Micranthes	1077	123	759618
CGG3016621	Milium	1077	101	368340
CGG3016621	Minuartia	1077	111	258339
CGG3016621	Myosotis	1077	481	192333
CGG3016621	Myriophyllum	1077	137728	24952
CGG3016621	Oreojuncus	1077	150	1674043
CGG3016621	Ovis	1077	2253	9935
CGG3016621	Parnassia	1077	439	3796
CGG3016621	Pedicularis	1077	152	43174
CGG3016621	Phalaris	1077	191	15740
CGG3016621	Phasianus	1077	330	9053
CGG3016621	Phegopteris	1077	12309	93618
CGG3016621	Pinguicula	1077	711	4197
CGG3016621	Plantago	1077	518	26867
CGG3016621	Poa	1077	68333	4544
CGG3016621	Polygonum	1077	29896	46786
CGG3016621	Populus	1077	1644	3689
CGG3016621	Potamogeton	1077	451502	13228
CGG3016621	Potentilla	1077	20389	23204
CGG3016621	Prunus	1077	284	3754
CGG3016621	Puccinellia	1077	8468	13648
CGG3016621	Puschkinia	1077	2470	81791
CGG3016621	Pyrus	1077	2438	3766
CGG3016621	Ranunculus	1077	5326	3445
CGG3016621	Rhinanthus	1077	971	46059
CGG3016621	Rosa	1077	698	3764
CGG3016621	Rubus	1077	281	23216
CGG3016621	Rumex	1077	2776	3618
CGG3016621	Salix	1077	25006	40685
CGG3016621	Saxifraga	1077	1654	3798
CGG3016621	Scilla	1077	15364	4701
CGG3016621	Scrophularia	1077	165	39249
CGG3016621	Scutellaria	1077	866	4139
CGG3016621	Silene	1077	158	3573
CGG3016621	Sorbus	1077	471	23222
CGG3016621	Stellaria	1077	1025	13273
CGG3016621	Stuckenia	1077	86033	246706
CGG3016621	Sus	1077	745	9822
CGG3016621	Taraxacum	1077	994	49743
CGG3016621	Thymus	1077	14990	49990
CGG3016621	Tripleurospermum	1077	233	99107
CGG3016621	Triticum	1077	2082	4564
CGG3016621	Utricularia	1077	1184	13747
CGG3016621	Vaccinium	1077	341	13749
CGG3016621	Veratrum	1077	714	50241
CGG3016621	Veronica	1077	378	4173
CGG3016621	Viola	1077	436	13757
CGG3016621	Zannichellia	1077	1335	27253
CGG3016625	Aegilops	1050	796	4480
CGG3016625	Aegopodium	1050	303	40898
CGG3016625	Agrostis	1050	34877	15297
CGG3016625	Alchemilla	1050	6791	23138
CGG3016625	Alnus	1050	408	3515
CGG3016625	Alopecurus	1050	2665	15303
CGG3016625	Ambrosia	1050	230	4211
CGG3016625	Anas	1050	431	8835
CGG3016625	Angelica	1050	5944	40948
CGG3016625	Anser	1050	937	8842
CGG3016625	Antennaria	1050	4605	41475
CGG3016625	Anthoxanthum	1050	852	15324
CGG3016625	Anthriscus	1050	140	40886
CGG3016625	Anthyllis	1050	875	118889
CGG3016625	Auxenochlorella	1050	670	191392
CGG3016625	Avena	1050	144	4496
CGG3016625	Avenella	1050	1426	391960
CGG3016625	Betula	1050	33876	3504
CGG3016625	Bison	1050	1850	9900
CGG3016625	Bistorta	1050	4122	137670
CGG3016625	Bos	1050	5194	9903
CGG3016625	Botrychium	1050	839	13829
CGG3016625	Brachypodium	1050	849	15367
CGG3016625	Brassica	1050	1372	3705
CGG3016625	Bromus	1050	1229	4501
CGG3016625	Calamagrostis	1050	2666	15376
CGG3016625	Callitriche	1050	1370	13380
CGG3016625	Caltha	1050	34989	3448
CGG3016625	Campanula	1050	124	40568
CGG3016625	Capsella	1050	2604	3718
CGG3016625	Carduus	1050	287	92905
CGG3016625	Carex	1050	143812	13398
CGG3016625	Carpinus	1050	4129	12989
CGG3016625	Catabrosa	1050	12095	368337
CGG3016625	Cerastium	1050	240	3579
CGG3016625	Ceratophyllum	1050	644	4427
CGG3016625	Chlorella	1050	189	3071
CGG3016625	Cochlearia	1050	223	97854
CGG3016625	Comarum	1050	3295	395100
CGG3016625	Cornus	1050	243	4281
CGG3016625	Corylus	1050	17980	13450
CGG3016625	Cota	1050	128	282214
CGG3016625	Cricetulus	1050	1052	10028
CGG3016625	Dactylis	1050	270	4508
CGG3016625	Deschampsia	1050	487	15452
CGG3016625	Drosera	1050	25455	4363
CGG3016625	Elatine	1050	418	125026
CGG3016625	Eleocharis	1050	45075	46324
CGG3016625	Elymus	1050	329	15492
CGG3016625	Empetrum	1050	644	45918
CGG3016625	Epilobium	1050	659	13054
CGG3016625	Equisetum	1050	3639	3257
CGG3016625	Equus	1050	482	9789
CGG3016625	Eriophorum	1050	3448	46326
CGG3016625	Erysimum	1050	55096	65352
CGG3016625	Euphrasia	1050	727	46053
CGG3016625	Festuca	1050	11251	4605
CGG3016625	Filipendula	1050	22503	23170
CGG3016625	Fragaria	1050	3175	3746
CGG3016625	Galeopsis	1050	1881	457137
CGG3016625	Galium	1050	1338	25168
CGG3016625	Geranium	1050	31674	4028
CGG3016625	Geum	1050	525	3761
CGG3016625	Glyceria	1050	323	37871
CGG3016625	Gymnocarpium	1050	250	32115
CGG3016625	Hammarbya	1050	281	1155242
CGG3016625	Hedlundia	1050	203	2666035
CGG3016625	Helictochloa	1050	773	1155210
CGG3016625	Hippuris	1050	704	39200
CGG3016625	Hordeum	1050	70943	4512
CGG3016625	Isoetes	1050	864	13838
CGG3016625	Juglans	1050	296	16718
CGG3016625	Juncus	1050	7738	13578
CGG3016625	Lemna	1050	2778	4469
CGG3016625	Leymus	1050	605	52713
CGG3016625	Ligusticum	1050	195	49551
CGG3016625	Lipotes	1050	286	118796
CGG3016625	Littorella	1050	148	223166
CGG3016625	Lolium	1050	7476	4520
CGG3016625	Luzula	1050	2069	46322
CGG3016625	Malus	1050	2039	3749
CGG3016625	Matricaria	1050	204	56016
CGG3016625	Menyanthes	1050	1059	24581
CGG3016625	Micranthes	1050	172	759618
CGG3016625	Milium	1050	149	368340
CGG3016625	Minuartia	1050	107	258339
CGG3016625	Monotropa	1050	123	50147
CGG3016625	Myosotis	1050	474	192333
CGG3016625	Myriophyllum	1050	1348198	24952
CGG3016625	Notodromas	1050	635	399044
CGG3016625	Omalotheca	1050	185	1754163
CGG3016625	Oreojuncus	1050	322	1674043
CGG3016625	Ovis	1050	5747	9935
CGG3016625	Parnassia	1050	541	3796
CGG3016625	Pedicularis	1050	199	43174
CGG3016625	Phalaris	1050	172	15740
CGG3016625	Phasianus	1050	428	9053
CGG3016625	Phleum	1050	107	15956
CGG3016625	Pinguicula	1050	747	4197
CGG3016625	Plantago	1050	392	26867
CGG3016625	Poa	1050	123778	4544
CGG3016625	Polygonum	1050	49062	46786
CGG3016625	Populus	1050	1788	3689
CGG3016625	Potamogeton	1050	728264	13228
CGG3016625	Potentilla	1050	17271	23204
CGG3016625	Prunus	1050	481	3754
CGG3016625	Puccinellia	1050	24911	13648
CGG3016625	Puschkinia	1050	8072	81791
CGG3016625	Pyrus	1050	2847	3766
CGG3016625	Ranunculus	1050	7017	3445
CGG3016625	Rhinanthus	1050	1482	46059
CGG3016625	Rosa	1050	830	3764
CGG3016625	Rubus	1050	556	23216
CGG3016625	Rumex	1050	7424	3618
CGG3016625	Sagina	1050	488	230723
CGG3016625	Salix	1050	51369	40685
CGG3016625	Saxifraga	1050	10131	3798
CGG3016625	Scilla	1050	30774	4701
CGG3016625	Scrophularia	1050	233	39249
CGG3016625	Scutellaria	1050	681	4139
CGG3016625	Silene	1050	395	3573
CGG3016625	Sorbus	1050	1452	23222
CGG3016625	Stellaria	1050	1550	13273
CGG3016625	Stuckenia	1050	104818	246706
CGG3016625	Sus	1050	1036	9822
CGG3016625	Taraxacum	1050	694	49743
CGG3016625	Thymus	1050	14497	49990
CGG3016625	Trichophorum	1050	205	76514
CGG3016625	Tripleurospermum	1050	213	99107
CGG3016625	Trisetum	1050	215	87476
CGG3016625	Triticum	1050	2220	4564
CGG3016625	Utricularia	1050	2266	13747
CGG3016625	Vaccinium	1050	262	13749
CGG3016625	Veratrum	1050	6994	50241
CGG3016625	Veronica	1050	409	4173
CGG3016625	Viola	1050	813	13757
CGG3016625	Zannichellia	1050	2485	27253
CGG3016628	Aegilops	1030	463	4480
CGG3016628	Agrostis	1030	21006	15297
CGG3016628	Alchemilla	1030	6687	23138
CGG3016628	Alnus	1030	438	3515
CGG3016628	Alopecurus	1030	351	15303
CGG3016628	Ambrosia	1030	561	4211
CGG3016628	Anas	1030	1182	8835
CGG3016628	Angelica	1030	10990	40948
CGG3016628	Anser	1030	105	8842
CGG3016628	Antennaria	1030	4362	41475
CGG3016628	Anthoxanthum	1030	678	15324
CGG3016628	Anthriscus	1030	159	40886
CGG3016628	Anthyllis	1030	1044	118889
CGG3016628	Auxenochlorella	1030	274	191392
CGG3016628	Avena	1030	135	4496
CGG3016628	Avenella	1030	747	391960
CGG3016628	Betula	1030	24558	3504
CGG3016628	Bison	1030	822	9900
CGG3016628	Bistorta	1030	2123	137670
CGG3016628	Bos	1030	710	9903
CGG3016628	Botrychium	1030	1944	13829
CGG3016628	Brachypodium	1030	388	15367
CGG3016628	Bromus	1030	239	4501
CGG3016628	Calamagrostis	1030	1385	15376
CGG3016628	Callitriche	1030	764	13380
CGG3016628	Caltha	1030	6978	3448
CGG3016628	Campanula	1030	123	40568
CGG3016628	Capsella	1030	397	3718
CGG3016628	Carduus	1030	288	92905
CGG3016628	Carex	1030	267588	13398
CGG3016628	Carpinus	1030	3770	12989
CGG3016628	Catabrosa	1030	4219	368337
CGG3016628	Cerastium	1030	614	3579
CGG3016628	Chlorella	1030	393	3071
CGG3016628	Comarum	1030	1775	395100
CGG3016628	Cornus	1030	445	4281
CGG3016628	Corylus	1030	16456	13450
CGG3016628	Cricetulus	1030	254	10028
CGG3016628	Deschampsia	1030	241	15452
CGG3016628	Drosera	1030	72037	4363
CGG3016628	Dryopteris	1030	108	3287
CGG3016628	Elatine	1030	255	125026
CGG3016628	Eleocharis	1030	4487	46324
CGG3016628	Elymus	1030	322	15492
CGG3016628	Empetrum	1030	110	45918
CGG3016628	Epilobium	1030	1858	13054
CGG3016628	Equisetum	1030	1777	3257
CGG3016628	Equus	1030	385	9789
CGG3016628	Eriophorum	1030	976	46326
CGG3016628	Erysimum	1030	72930	65352
CGG3016628	Festuca	1030	7414	4605
CGG3016628	Filipendula	1030	10285	23170
CGG3016628	Fragaria	1030	2573	3746
CGG3016628	Galeopsis	1030	233	457137
CGG3016628	Galium	1030	508	25168
CGG3016628	Geranium	1030	4760	4028
CGG3016628	Geum	1030	191	3761
CGG3016628	Hammarbya	1030	224	1155242
CGG3016628	Hedlundia	1030	157	2666035
CGG3016628	Helictochloa	1030	465	1155210
CGG3016628	Hippuris	1030	174	39200
CGG3016628	Hordeum	1030	58487	4512
CGG3016628	Juncus	1030	2377	13578
CGG3016628	Lemna	1030	5336	4469
CGG3016628	Leymus	1030	178	52713
CGG3016628	Ligusticum	1030	197	49551
CGG3016628	Littorella	1030	107	223166
CGG3016628	Lolium	1030	4772	4520
CGG3016628	Luzula	1030	2125	46322
CGG3016628	Malus	1030	2329	3749
CGG3016628	Menyanthes	1030	5042	24581
CGG3016628	Micranthes	1030	134	759618
CGG3016628	Myosotis	1030	228	192333
CGG3016628	Myrica	1030	102	3509
CGG3016628	Myriophyllum	1030	3097114	24952
CGG3016628	Ovis	1030	3534	9935
CGG3016628	Parnassia	1030	231	3796
CGG3016628	Pedicularis	1030	298	43174
CGG3016628	Phalaris	1030	100	15740
CGG3016628	Phasianus	1030	388	9053
CGG3016628	Phegopteris	1030	111953	93618
CGG3016628	Pinguicula	1030	945	4197
CGG3016628	Plantago	1030	123	26867
CGG3016628	Poa	1030	94529	4544
CGG3016628	Polygonum	1030	35180	46786
CGG3016628	Populus	1030	1582	3689
CGG3016628	Potamogeton	1030	581539	13228
CGG3016628	Potentilla	1030	17463	23204
CGG3016628	Prunus	1030	604	3754
CGG3016628	Puccinellia	1030	28357	13648
CGG3016628	Puschkinia	1030	5560	81791
CGG3016628	Pyrus	1030	2745	3766
CGG3016628	Ranunculus	1030	2112	3445
CGG3016628	Rhinanthus	1030	601	46059
CGG3016628	Rosa	1030	568	3764
CGG3016628	Rubus	1030	322	23216
CGG3016628	Rumex	1030	3214	3618
CGG3016628	Saccoglossus	1030	125	10222
CGG3016628	Sagina	1030	149	230723
CGG3016628	Salix	1030	6022	40685
CGG3016628	Saxifraga	1030	4493	3798
CGG3016628	Scilla	1030	19118	4701
CGG3016628	Scrophularia	1030	164	39249
CGG3016628	Scutellaria	1030	540	4139
CGG3016628	Silene	1030	280	3573
CGG3016628	Silybum	1030	102	92920
CGG3016628	Sorbus	1030	2530	23222
CGG3016628	Stellaria	1030	773	13273
CGG3016628	Stuckenia	1030	98145	246706
CGG3016628	Sus	1030	776	9822
CGG3016628	Taraxacum	1030	258	49743
CGG3016628	Thymus	1030	2724	49990
CGG3016628	Trisetum	1030	145	87476
CGG3016628	Triticum	1030	1609	4564
CGG3016628	Utricularia	1030	2742	13747
CGG3016628	Vaccinium	1030	257	13749
CGG3016628	Veratrum	1030	15441	50241
CGG3016628	Veronica	1030	342	4173
CGG3016628	Viola	1030	391	13757
CGG3016628	Zannichellia	1030	1851	27253
CGG3016631	Aegilops	1011	998	4480
CGG3016631	Agrostis	1011	117268	15297
CGG3016631	Alchemilla	1011	7098	23138
CGG3016631	Alopecurus	1011	294	15303
CGG3016631	Ambrosia	1011	279	4211
CGG3016631	Anas	1011	368	8835
CGG3016631	Angelica	1011	11347	40948
CGG3016631	Anser	1011	390	8842
CGG3016631	Antennaria	1011	3650	41475
CGG3016631	Anthoxanthum	1011	2497	15324
CGG3016631	Anthriscus	1011	403	40886
CGG3016631	Anthyllis	1011	1254	118889
CGG3016631	Avena	1011	280	4496
CGG3016631	Avenella	1011	2214	391960
CGG3016631	Betula	1011	49970	3504
CGG3016631	Bison	1011	1038	9900
CGG3016631	Bistorta	1011	3290	137670
CGG3016631	Bos	1011	1087	9903
CGG3016631	Botrychium	1011	634	13829
CGG3016631	Brachypodium	1011	991	15367
CGG3016631	Bromus	1011	960	4501
CGG3016631	Calamagrostis	1011	4121	15376
CGG3016631	Callitriche	1011	3127	13380
CGG3016631	Caltha	1011	13532	3448
CGG3016631	Campanula	1011	296	40568
CGG3016631	Capsella	1011	1580	3718
CGG3016631	Carduus	1011	123	92905
CGG3016631	Carex	1011	183025	13398
CGG3016631	Carpinus	1011	5471	12989
CGG3016631	Catabrosa	1011	21919	368337
CGG3016631	Cerastium	1011	286	3579
CGG3016631	Cochlearia	1011	246	97854
CGG3016631	Comarum	1011	6466	395100
CGG3016631	Cornus	1011	403	4281
CGG3016631	Corylus	1011	24101	13450
CGG3016631	Cota	1011	163	282214
CGG3016631	Cricetulus	1011	382	10028
CGG3016631	Dactylis	1011	193	4508
CGG3016631	Deschampsia	1011	1088	15452
CGG3016631	Drosera	1011	66227	4363
CGG3016631	Eleocharis	1011	10864	46324
CGG3016631	Elymus	1011	460	15492
CGG3016631	Empetrum	1011	131	45918
CGG3016631	Epilobium	1011	1842	13054
CGG3016631	Equisetum	1011	4301	3257
CGG3016631	Equus	1011	198	9789
CGG3016631	Eriophorum	1011	1418	46326
CGG3016631	Erysimum	1011	26229	65352
CGG3016631	Festuca	1011	14535	4605
CGG3016631	Filipendula	1011	21414	23170
CGG3016631	Fragaria	1011	4584	3746
CGG3016631	Galeopsis	1011	144	457137
CGG3016631	Galium	1011	1295	25168
CGG3016631	Geranium	1011	19632	4028
CGG3016631	Geum	1011	507	3761
CGG3016631	Gymnocarpium	1011	210	32115
CGG3016631	Hammarbya	1011	161	1155242
CGG3016631	Hedlundia	1011	1122	2666035
CGG3016631	Helictochloa	1011	749	1155210
CGG3016631	Hippuris	1011	231	39200
CGG3016631	Hordeum	1011	75462	4512
CGG3016631	Juglans	1011	373	16718
CGG3016631	Juncus	1011	7782	13578
CGG3016631	Lemna	1011	4605	4469
CGG3016631	Leymus	1011	553	52713
CGG3016631	Ligusticum	1011	344	49551
CGG3016631	Lipotes	1011	482	118796
CGG3016631	Littorella	1011	983	223166
CGG3016631	Lolium	1011	8941	4520
CGG3016631	Luzula	1011	3613	46322
CGG3016631	Malus	1011	5936	3749
CGG3016631	Menyanthes	1011	1005	24581
CGG3016631	Milium	1011	178	368340
CGG3016631	Myosotis	1011	185	192333
CGG3016631	Myriophyllum	1011	3021785	24952
CGG3016631	Oreojuncus	1011	378	1674043
CGG3016631	Ovis	1011	5397	9935
CGG3016631	Parnassia	1011	268	3796
CGG3016631	Phalaris	1011	170	15740
CGG3016631	Phasianus	1011	325	9053
CGG3016631	Phegopteris	1011	457	93618
CGG3016631	Pinguicula	1011	549	4197
CGG3016631	Plantago	1011	227	26867
CGG3016631	Poa	1011	53446	4544
CGG3016631	Polygonum	1011	25487	46786
CGG3016631	Populus	1011	5810	3689
CGG3016631	Potamogeton	1011	209034	13228
CGG3016631	Potentilla	1011	26377	23204
CGG3016631	Prunus	1011	281	3754
CGG3016631	Puccinellia	1011	6786	13648
CGG3016631	Puschkinia	1011	3309	81791
CGG3016631	Pyrus	1011	10293	3766
CGG3016631	Ranunculus	1011	18965	3445
CGG3016631	Rhinanthus	1011	293	46059
CGG3016631	Rosa	1011	982	3764
CGG3016631	Rubus	1011	897	23216
CGG3016631	Rumex	1011	3309	3618
CGG3016631	Sagina	1011	149	230723
CGG3016631	Salix	1011	262352	40685
CGG3016631	Saxifraga	1011	3888	3798
CGG3016631	Scilla	1011	7544	4701
CGG3016631	Scrophularia	1011	126	39249
CGG3016631	Silene	1011	733	3573
CGG3016631	Sorbus	1011	4040	23222
CGG3016631	Stellaria	1011	1671	13273
CGG3016631	Stuckenia	1011	97512	246706
CGG3016631	Sus	1011	631	9822
CGG3016631	Taraxacum	1011	744	49743
CGG3016631	Thymus	1011	3513	49990
CGG3016631	Trichophorum	1011	108	76514
CGG3016631	Trisetum	1011	107	87476
CGG3016631	Triticum	1011	2030	4564
CGG3016631	Trollius	1011	963	39245
CGG3016631	Utricularia	1011	1589	13747
CGG3016631	Vaccinium	1011	978	13749
CGG3016631	Veratrum	1011	15351	50241
CGG3016631	Veronica	1011	339	4173
CGG3016631	Viola	1011	610	13757
CGG3016631	Zannichellia	1011	606	27253
CGG3016635	Aegilops	984	1365	4480
CGG3016635	Agrostis	984	134736	15297
CGG3016635	Alchemilla	984	808	23138
CGG3016635	Alopecurus	984	849	15303
CGG3016635	Anas	984	303	8835
CGG3016635	Angelica	984	9990	40948
CGG3016635	Anser	984	1164	8842
CGG3016635	Antennaria	984	2370	41475
CGG3016635	Anthoxanthum	984	4836	15324
CGG3016635	Anthriscus	984	338	40886
CGG3016635	Anthyllis	984	2868	118889
CGG3016635	Auxenochlorella	984	547	191392
CGG3016635	Avena	984	285	4496
CGG3016635	Avenella	984	2615	391960
CGG3016635	Betula	984	60274	3504
CGG3016635	Bison	984	1532	9900
CGG3016635	Bistorta	984	3588	137670
CGG3016635	Bos	984	938	9903
CGG3016635	Botrychium	984	691	13829
CGG3016635	Brachypodium	984	1060	15367
CGG3016635	Brassica	984	1136	3705
CGG3016635	Braya	984	204	97987
CGG3016635	Bromus	984	3348	4501
CGG3016635	Calamagrostis	984	6127	15376
CGG3016635	Callitriche	984	673	13380
CGG3016635	Caltha	984	19573	3448
CGG3016635	Campanula	984	403	40568
CGG3016635	Capsella	984	9884	3718
CGG3016635	Carex	984	275746	13398
CGG3016635	Carpinus	984	6739	12989
CGG3016635	Catabrosa	984	28218	368337
CGG3016635	Cerastium	984	310	3579
CGG3016635	Chlorella	984	196	3071
CGG3016635	Cochlearia	984	661	97854
CGG3016635	Comarum	984	29827	395100
CGG3016635	Cornus	984	583	4281
CGG3016635	Corylus	984	29779	13450
CGG3016635	Cota	984	1774	282214
CGG3016635	Cricetulus	984	394	10028
CGG3016635	Dactylis	984	407	4508
CGG3016635	Deschampsia	984	1215	15452
CGG3016635	Drosera	984	46884	4363
CGG3016635	Elatine	984	156	125026
CGG3016635	Eleocharis	984	69086	46324
CGG3016635	Elymus	984	1439	15492
CGG3016635	Empetrum	984	344	45918
CGG3016635	Epilobium	984	1837	13054
CGG3016635	Equisetum	984	10274	3257
CGG3016635	Equus	984	189	9789
CGG3016635	Eriophorum	984	14163	46326
CGG3016635	Erysimum	984	16959	65352
CGG3016635	Festuca	984	26220	4605
CGG3016635	Filipendula	984	46945	23170
CGG3016635	Fragaria	984	11766	3746
CGG3016635	Galeopsis	984	182	457137
CGG3016635	Galium	984	1117	25168
CGG3016635	Geranium	984	36048	4028
CGG3016635	Geum	984	743	3761
CGG3016635	Glyceria	984	232	37871
CGG3016635	Gymnocarpium	984	242	32115
CGG3016635	Haloragis	984	321	40010
CGG3016635	Hedlundia	984	873	2666035
CGG3016635	Helictochloa	984	712	1155210
CGG3016635	Hippuris	984	8054	39200
CGG3016635	Hordelymus	984	142	376112
CGG3016635	Hordeum	984	138134	4512
CGG3016635	Juglans	984	230	16718
CGG3016635	Juncus	984	11224	13578
CGG3016635	Lemna	984	10899	4469
CGG3016635	Leucanthemum	984	1698	99071
CGG3016635	Leymus	984	1657	52713
CGG3016635	Ligusticum	984	375	49551
CGG3016635	Lipotes	984	215	118796
CGG3016635	Littorella	984	855	223166
CGG3016635	Lolium	984	12195	4520
CGG3016635	Luzula	984	5286	46322
CGG3016635	Malus	984	5250	3749
CGG3016635	Matricaria	984	107	56016
CGG3016635	Menyanthes	984	6962	24581
CGG3016635	Milium	984	263	368340
CGG3016635	Monotropa	984	1931	50147
CGG3016635	Myosotis	984	369	192333
CGG3016635	Myrica	984	166	3509
CGG3016635	Myriophyllum	984	2580871	24952
CGG3016635	Oreojuncus	984	302	1674043
CGG3016635	Ovis	984	3178	9935
CGG3016635	Parnassia	984	490	3796
CGG3016635	Phalaris	984	397	15740
CGG3016635	Phasianus	984	525	9053
CGG3016635	Phegopteris	984	143301	93618
CGG3016635	Phippsia	984	163	368331
CGG3016635	Phleum	984	108	15956
CGG3016635	Pinguicula	984	1744	4197
CGG3016635	Plantago	984	337	26867
CGG3016635	Poa	984	59303	4544
CGG3016635	Polygonum	984	39469	46786
CGG3016635	Populus	984	6428	3689
CGG3016635	Potamogeton	984	281000	13228
CGG3016635	Potentilla	984	42371	23204
CGG3016635	Prunus	984	753	3754
CGG3016635	Puccinellia	984	10895	13648
CGG3016635	Pyrus	984	9131	3766
CGG3016635	Ranunculus	984	15378	3445
CGG3016635	Rhinanthus	984	449	46059
CGG3016635	Rosa	984	2050	3764
CGG3016635	Rubus	984	1053	23216
CGG3016635	Rumex	984	3906	3618
CGG3016635	Sagina	984	218	230723
CGG3016635	Salix	984	69190	40685
CGG3016635	Saxifraga	984	15469	3798
CGG3016635	Scilla	984	242	4701
CGG3016635	Scrophularia	984	296	39249
CGG3016635	Scutellaria	984	1148	4139
CGG3016635	Silene	984	901	3573
CGG3016635	Sorbus	984	3243	23222
CGG3016635	Stellaria	984	1520	13273
CGG3016635	Stuckenia	984	543782	246706
CGG3016635	Sus	984	800	9822
CGG3016635	Taraxacum	984	863	49743
CGG3016635	Thymus	984	1222	49990
CGG3016635	Trichophorum	984	984	76514
CGG3016635	Tripleurospermum	984	283	99107
CGG3016635	Trisetum	984	329	87476
CGG3016635	Triticum	984	2575	4564
CGG3016635	Trollius	984	2298	39245
CGG3016635	Utricularia	984	5128	13747
CGG3016635	Vaccinium	984	2129	13749
CGG3016635	Veratrum	984	13976	50241
CGG3016635	Veronica	984	281	4173
CGG3016635	Viola	984	865	13757
CGG3016635	Zannichellia	984	1339	27253
CGG3016637	Aegilops	973	1177	4480
CGG3016637	Agrostis	973	114227	15297
CGG3016637	Alchemilla	973	552	23138
CGG3016637	Alopecurus	973	585	15303
CGG3016637	Anas	973	265	8835
CGG3016637	Angelica	973	8866	40948
CGG3016637	Anser	973	513	8842
CGG3016637	Antennaria	973	1972	41475
CGG3016637	Anthoxanthum	973	3139	15324
CGG3016637	Anthriscus	973	430	40886
CGG3016637	Anthyllis	973	472	118889
CGG3016637	Athyrium	973	120	32109
CGG3016637	Auxenochlorella	973	721	191392
CGG3016637	Avena	973	315	4496
CGG3016637	Avenella	973	3300	391960
CGG3016637	Betula	973	61022	3504
CGG3016637	Bison	973	1779	9900
CGG3016637	Bistorta	973	2672	137670
CGG3016637	Bos	973	2081	9903
CGG3016637	Botrychium	973	1664	13829
CGG3016637	Brachypodium	973	1218	15367
CGG3016637	Bromus	973	1304	4501
CGG3016637	Calamagrostis	973	4561	15376
CGG3016637	Callitriche	973	250	13380
CGG3016637	Caltha	973	19057	3448
CGG3016637	Campanula	973	400	40568
CGG3016637	Capsella	973	1177	3718
CGG3016637	Carex	973	214791	13398
CGG3016637	Carpinus	973	6741	12989
CGG3016637	Catabrosa	973	12794	368337
CGG3016637	Cerastium	973	487	3579
CGG3016637	Chlorella	973	440	3071
CGG3016637	Cochlearia	973	175	97854
CGG3016637	Comarum	973	37533	395100
CGG3016637	Cornus	973	554	4281
CGG3016637	Corylus	973	29641	13450
CGG3016637	Cota	973	418	282214
CGG3016637	Cricetulus	973	371	10028
CGG3016637	Dactylis	973	251	4508
CGG3016637	Deschampsia	973	901	15452
CGG3016637	Drosera	973	54923	4363
CGG3016637	Elatine	973	122	125026
CGG3016637	Eleocharis	973	45880	46324
CGG3016637	Elymus	973	989	15492
CGG3016637	Empetrum	973	1896	45918
CGG3016637	Epilobium	973	1712	13054
CGG3016637	Equisetum	973	6117	3257
CGG3016637	Equus	973	251	9789
CGG3016637	Eriophorum	973	1724	46326
CGG3016637	Erysimum	973	200	65352
CGG3016637	Festuca	973	19609	4605
CGG3016637	Filipendula	973	20655	23170
CGG3016637	Fragaria	973	14657	3746
CGG3016637	Galeopsis	973	192	457137
CGG3016637	Galium	973	1045	25168
CGG3016637	Geranium	973	24049	4028
CGG3016637	Geum	973	723	3761
CGG3016637	Gymnocarpium	973	249	32115
CGG3016637	Hammarbya	973	240	1155242
CGG3016637	Hedlundia	973	1906	2666035
CGG3016637	Helictochloa	973	1041	1155210
CGG3016637	Hippuris	973	2480	39200
CGG3016637	Hordeum	973	98580	4512
CGG3016637	Juglans	973	565	16718
CGG3016637	Juncus	973	2825	13578
CGG3016637	Lemna	973	6175	4469
CGG3016637	Leucanthemum	973	2961	99071
CGG3016637	Leymus	973	1153	52713
CGG3016637	Lipotes	973	350	118796
CGG3016637	Lolium	973	11091	4520
CGG3016637	Luzula	973	864	46322
CGG3016637	Malus	973	7931	3749
CGG3016637	Menyanthes	973	26264	24581
CGG3016637	Micranthes	973	164	759618
CGG3016637	Milium	973	240	368340
CGG3016637	Minuartia	973	201	258339
CGG3016637	Myosotis	973	455	192333
CGG3016637	Myrica	973	189	3509
CGG3016637	Myriophyllum	973	2595465	24952
CGG3016637	Omalotheca	973	199	1754163
CGG3016637	Oreojuncus	973	296	1674043
CGG3016637	Ovis	973	6848	9935
CGG3016637	Parnassia	973	343	3796
CGG3016637	Pedicularis	973	355	43174
CGG3016637	Phalaris	973	140	15740
CGG3016637	Phasianus	973	444	9053
CGG3016637	Phegopteris	973	87913	93618
CGG3016637	Picea	973	195	3328
CGG3016637	Pinguicula	973	1797	4197
CGG3016637	Plantago	973	165	26867
CGG3016637	Poa	973	30473	4544
CGG3016637	Polygonum	973	70597	46786
CGG3016637	Populus	973	3412	3689
CGG3016637	Potamogeton	973	127829	13228
CGG3016637	Potentilla	973	81150	23204
CGG3016637	Prunus	973	580	3754
CGG3016637	Puccinellia	973	1409	13648
CGG3016637	Pyrus	973	15789	3766
CGG3016637	Ranunculus	973	8065	3445
CGG3016637	Rhinanthus	973	466	46059
CGG3016637	Rosa	973	2433	3764
CGG3016637	Rubus	973	931	23216
CGG3016637	Rumex	973	2941	3618
CGG3016637	Saccoglossus	973	100	10222
CGG3016637	Sagina	973	3026	230723
CGG3016637	Salix	973	103692	40685
CGG3016637	Saxifraga	973	4453	3798
CGG3016637	Scrophularia	973	147	39249
CGG3016637	Scutellaria	973	2356	4139
CGG3016637	Sorbus	973	4719	23222
CGG3016637	Stellaria	973	1293	13273
CGG3016637	Stuckenia	973	135913	246706
CGG3016637	Sus	973	390	9822
CGG3016637	Taraxacum	973	950	49743
CGG3016637	Thymus	973	3671	49990
CGG3016637	Trichophorum	973	167	76514
CGG3016637	Trisetum	973	283	87476
CGG3016637	Triticum	973	2414	4564
CGG3016637	Trollius	973	731	39245
CGG3016637	Utricularia	973	4966	13747
CGG3016637	Vaccinium	973	959	13749
CGG3016637	Veratrum	973	12613	50241
CGG3016637	Veronica	973	1929	4173
CGG3016637	Viola	973	529	13757
CGG3016637	Zannichellia	973	1122	27253
CGG3016637	NA	973	142	NA
CGG3016639	Aegilops	961	1823	4480
CGG3016639	Agrostis	961	215033	15297
CGG3016639	Alchemilla	961	2404	23138
CGG3016639	Alopecurus	961	990	15303
CGG3016639	Anas	961	2894	8835
CGG3016639	Angelica	961	13988	40948
CGG3016639	Anser	961	1545	8842
CGG3016639	Antennaria	961	4729	41475
CGG3016639	Anthoxanthum	961	7568	15324
CGG3016639	Anthriscus	961	643	40886
CGG3016639	Anthyllis	961	3286	118889
CGG3016639	Athyrium	961	235	32109
CGG3016639	Auxenochlorella	961	1221	191392
CGG3016639	Avena	961	442	4496
CGG3016639	Avenella	961	6218	391960
CGG3016639	Betula	961	108302	3504
CGG3016639	Bison	961	1687	9900
CGG3016639	Bistorta	961	20395	137670
CGG3016639	Bos	961	2070	9903
CGG3016639	Botrychium	961	2382	13829
CGG3016639	Brachypodium	961	1808	15367
CGG3016639	Brassica	961	1168	3705
CGG3016639	Braya	961	137	97987
CGG3016639	Bromus	961	2380	4501
CGG3016639	Calamagrostis	961	7839	15376
CGG3016639	Callitriche	961	937	13380
CGG3016639	Caltha	961	32533	3448
CGG3016639	Campanula	961	521	40568
CGG3016639	Capsella	961	831	3718
CGG3016639	Carex	961	542073	13398
CGG3016639	Carpinus	961	9949	12989
CGG3016639	Catabrosa	961	48264	368337
CGG3016639	Cerastium	961	1980	3579
CGG3016639	Chlorella	961	402	3071
CGG3016639	Cochlearia	961	590	97854
CGG3016639	Comarum	961	17535	395100
CGG3016639	Cornus	961	888	4281
CGG3016639	Corylus	961	42714	13450
CGG3016639	Cota	961	392	282214
CGG3016639	Cricetulus	961	852	10028
CGG3016639	Cystopteris	961	240	32111
CGG3016639	Dactylis	961	395	4508
CGG3016639	Deschampsia	961	2654	15452
CGG3016639	Drosera	961	83136	4363
CGG3016639	Elatine	961	413	125026
CGG3016639	Eleocharis	961	52866	46324
CGG3016639	Elymus	961	1305	15492
CGG3016639	Empetrum	961	405	45918
CGG3016639	Epilobium	961	2763	13054
CGG3016639	Equisetum	961	15740	3257
CGG3016639	Equus	961	148	9789
CGG3016639	Eriophorum	961	4971	46326
CGG3016639	Erysimum	961	33401	65352
CGG3016639	Festuca	961	31059	4605
CGG3016639	Filipendula	961	52313	23170
CGG3016639	Fragaria	961	9354	3746
CGG3016639	Galeopsis	961	803	457137
CGG3016639	Galium	961	2438	25168
CGG3016639	Geranium	961	40741	4028
CGG3016639	Geum	961	1096	3761
CGG3016639	Glyceria	961	539	37871
CGG3016639	Gymnocarpium	961	810	32115
CGG3016639	Hammarbya	961	626	1155242
CGG3016639	Hedlundia	961	2904	2666035
CGG3016639	Helictochloa	961	1694	1155210
CGG3016639	Hippuris	961	1640	39200
CGG3016639	Hordelymus	961	162	376112
CGG3016639	Hordeum	961	115640	4512
CGG3016639	Juglans	961	275	16718
CGG3016639	Juncus	961	6906	13578
CGG3016639	Lemna	961	8345	4469
CGG3016639	Leucanthemum	961	347	99071
CGG3016639	Leymus	961	1772	52713
CGG3016639	Ligusticum	961	303	49551
CGG3016639	Lipotes	961	386	118796
CGG3016639	Littorella	961	131	223166
CGG3016639	Lolium	961	16213	4520
CGG3016639	Luzula	961	8539	46322
CGG3016639	Malus	961	11775	3749
CGG3016639	Matricaria	961	306	56016
CGG3016639	Melampyrum	961	374	52724
CGG3016639	Menyanthes	961	4415	24581
CGG3016639	Micranthes	961	339	759618
CGG3016639	Milium	961	390	368340
CGG3016639	Minuartia	961	105	258339
CGG3016639	Myosotis	961	960	192333
CGG3016639	Myrica	961	178	3509
CGG3016639	Myriophyllum	961	5045833	24952
CGG3016639	Oreojuncus	961	649	1674043
CGG3016639	Ovis	961	6293	9935
CGG3016639	Parnassia	961	289	3796
CGG3016639	Pedicularis	961	331	43174
CGG3016639	Penthorum	961	255	23261
CGG3016639	Phalaris	961	1005	15740
CGG3016639	Phasianus	961	324	9053
CGG3016639	Phegopteris	961	595	93618
CGG3016639	Phleum	961	159	15956
CGG3016639	Picea	961	379	3328
CGG3016639	Pinguicula	961	1670	4197
CGG3016639	Plantago	961	187	26867
CGG3016639	Poa	961	91980	4544
CGG3016639	Polygonum	961	52168	46786
CGG3016639	Populus	961	7837	3689
CGG3016639	Potamogeton	961	378751	13228
CGG3016639	Potentilla	961	32984	23204
CGG3016639	Prunus	961	1248	3754
CGG3016639	Puccinellia	961	9547	13648
CGG3016639	Pyrus	961	23386	3766
CGG3016639	Ranunculus	961	17366	3445
CGG3016639	Rhinanthus	961	589	46059
CGG3016639	Rosa	961	1887	3764
CGG3016639	Rubus	961	1948	23216
CGG3016639	Rumex	961	17175	3618
CGG3016639	Salix	961	103894	40685
CGG3016639	Saxifraga	961	5101	3798
CGG3016639	Scilla	961	7855	4701
CGG3016639	Scrophularia	961	477	39249
CGG3016639	Scutellaria	961	970	4139
CGG3016639	Sedum	961	114	3784
CGG3016639	Seseli	961	112	40951
CGG3016639	Silene	961	930	3573
CGG3016639	Silybum	961	123	92920
CGG3016639	Sorbus	961	8588	23222
CGG3016639	Spinacia	961	300	3561
CGG3016639	Stellaria	961	1227	13273
CGG3016639	Struthiopteris	961	166	1813958
CGG3016639	Stuckenia	961	163296	246706
CGG3016639	Sus	961	1018	9822
CGG3016639	Taraxacum	961	1775	49743
CGG3016639	Thymus	961	3964	49990
CGG3016639	Trichophorum	961	386	76514
CGG3016639	Trisetum	961	390	87476
CGG3016639	Triticum	961	3526	4564
CGG3016639	Trollius	961	5619	39245
CGG3016639	Utricularia	961	6205	13747
CGG3016639	Vaccinium	961	2437	13749
CGG3016639	Veratrum	961	21568	50241
CGG3016639	Viola	961	976	13757
CGG3016639	Zannichellia	961	1439	27253
CGG3016641	Aegilops	949	1951	4480
CGG3016641	Agrostis	949	165834	15297
CGG3016641	Alchemilla	949	564	23138
CGG3016641	Alopecurus	949	1061	15303
CGG3016641	Anas	949	2395	8835
CGG3016641	Angelica	949	15563	40948
CGG3016641	Anser	949	746	8842
CGG3016641	Antennaria	949	3808	41475
CGG3016641	Anthoxanthum	949	6364	15324
CGG3016641	Anthriscus	949	393	40886
CGG3016641	Anthyllis	949	2837	118889
CGG3016641	Athyrium	949	172	32109
CGG3016641	Atriplex	949	104	3550
CGG3016641	Auxenochlorella	949	430	191392
CGG3016641	Avena	949	356	4496
CGG3016641	Avenella	949	6424	391960
CGG3016641	Betula	949	100767	3504
CGG3016641	Bison	949	1943	9900
CGG3016641	Bistorta	949	3966	137670
CGG3016641	Bos	949	2150	9903
CGG3016641	Botrychium	949	837	13829
CGG3016641	Brachypodium	949	1490	15367
CGG3016641	Brassica	949	196	3705
CGG3016641	Bromus	949	2713	4501
CGG3016641	Calamagrostis	949	7109	15376
CGG3016641	Callitriche	949	484	13380
CGG3016641	Caltha	949	37311	3448
CGG3016641	Campanula	949	545	40568
CGG3016641	Capsella	949	1435	3718
CGG3016641	Carex	949	550694	13398
CGG3016641	Carpinus	949	9347	12989
CGG3016641	Catabrosa	949	30053	368337
CGG3016641	Cerastium	949	431	3579
CGG3016641	Chironomus	949	159	7150
CGG3016641	Chlorella	949	270	3071
CGG3016641	Cochlearia	949	1088	97854
CGG3016641	Comarum	949	22227	395100
CGG3016641	Cornus	949	1026	4281
CGG3016641	Corylus	949	41163	13450
CGG3016641	Cota	949	369	282214
CGG3016641	Cricetulus	949	510	10028
CGG3016641	Cystopteris	949	247	32111
CGG3016641	Dactylis	949	517	4508
CGG3016641	Deschampsia	949	1066	15452
CGG3016641	Drosera	949	87935	4363
CGG3016641	Elatine	949	298	125026
CGG3016641	Eleocharis	949	140971	46324
CGG3016641	Elymus	949	2670	15492
CGG3016641	Empetrum	949	301	45918
CGG3016641	Epilobium	949	2861	13054
CGG3016641	Equisetum	949	13701	3257
CGG3016641	Equus	949	237	9789
CGG3016641	Eriophorum	949	3876	46326
CGG3016641	Festuca	949	34135	4605
CGG3016641	Filipendula	949	50587	23170
CGG3016641	Fragaria	949	10596	3746
CGG3016641	Galeopsis	949	837	457137
CGG3016641	Galium	949	2133	25168
CGG3016641	Geranium	949	73607	4028
CGG3016641	Geum	949	1887	3761
CGG3016641	Glyceria	949	104	37871
CGG3016641	Gymnocarpium	949	621	32115
CGG3016641	Haloragis	949	411	40010
CGG3016641	Hammarbya	949	542	1155242
CGG3016641	Hedlundia	949	2793	2666035
CGG3016641	Helictochloa	949	1478	1155210
CGG3016641	Hippuris	949	3178	39200
CGG3016641	Hordelymus	949	409	376112
CGG3016641	Hordeum	949	120819	4512
CGG3016641	Juglans	949	334	16718
CGG3016641	Juncus	949	5004	13578
CGG3016641	Lemna	949	12728	4469
CGG3016641	Leymus	949	5434	52713
CGG3016641	Lipotes	949	517	118796
CGG3016641	Littorella	949	180	223166
CGG3016641	Lolium	949	15559	4520
CGG3016641	Luzula	949	1370	46322
CGG3016641	Malus	949	11962	3749
CGG3016641	Matricaria	949	171	56016
CGG3016641	Melampyrum	949	199	52724
CGG3016641	Menyanthes	949	1678	24581
CGG3016641	Milium	949	618	368340
CGG3016641	Minuartia	949	111	258339
CGG3016641	Myosotis	949	563	192333
CGG3016641	Myrica	949	292	3509
CGG3016641	Myriophyllum	949	5780471	24952
CGG3016641	Narthecium	949	136	114203
CGG3016641	Omalotheca	949	107	1754163
CGG3016641	Oreojuncus	949	481	1674043
CGG3016641	Ovis	949	9305	9935
CGG3016641	Parnassia	949	203	3796
CGG3016641	Pedicularis	949	476	43174
CGG3016641	Penthorum	949	157	23261
CGG3016641	Phasianus	949	352	9053
CGG3016641	Phegopteris	949	642	93618
CGG3016641	Phleum	949	109	15956
CGG3016641	Picea	949	225	3328
CGG3016641	Pinguicula	949	1324	4197
CGG3016641	Plantago	949	102	26867
CGG3016641	Poa	949	45708	4544
CGG3016641	Polygonum	949	69951	46786
CGG3016641	Populus	949	5878	3689
CGG3016641	Potamogeton	949	163841	13228
CGG3016641	Potentilla	949	30761	23204
CGG3016641	Prunus	949	880	3754
CGG3016641	Puccinellia	949	997	13648
CGG3016641	Pyrus	949	23257	3766
CGG3016641	Ranunculus	949	17232	3445
CGG3016641	Rhinanthus	949	681	46059
CGG3016641	Rosa	949	2004	3764
CGG3016641	Rubus	949	1613	23216
CGG3016641	Rumex	949	7292	3618
CGG3016641	Salix	949	97826	40685
CGG3016641	Saxifraga	949	15350	3798
CGG3016641	Scrophularia	949	487	39249
CGG3016641	Scutellaria	949	2545	4139
CGG3016641	Silene	949	1148	3573
CGG3016641	Sorbus	949	8962	23222
CGG3016641	Spinacia	949	229	3561
CGG3016641	Stellaria	949	2999	13273
CGG3016641	Stuckenia	949	130733	246706
CGG3016641	Sus	949	1229	9822
CGG3016641	Taraxacum	949	1476	49743
CGG3016641	Thymus	949	1705	49990
CGG3016641	Trichophorum	949	1283	76514
CGG3016641	Trisetum	949	599	87476
CGG3016641	Triticum	949	3522	4564
CGG3016641	Trollius	949	1727	39245
CGG3016641	Utricularia	949	4924	13747
CGG3016641	Vaccinium	949	973	13749
CGG3016641	Veratrum	949	25086	50241
CGG3016641	Viola	949	1078	13757
CGG3016641	Zannichellia	949	1322	27253
CGG3016643	Aegilops	936	715	4480
CGG3016643	Agrostis	936	55021	15297
CGG3016643	Alopecurus	936	386	15303
CGG3016643	Anas	936	33021	8835
CGG3016643	Angelica	936	15753	40948
CGG3016643	Antennaria	936	4051	41475
CGG3016643	Anthoxanthum	936	2113	15324
CGG3016643	Anthriscus	936	516	40886
CGG3016643	Anthyllis	936	1613	118889
CGG3016643	Auxenochlorella	936	1087	191392
CGG3016643	Avena	936	220	4496
CGG3016643	Avenella	936	2345	391960
CGG3016643	Aythya	936	1512	30384
CGG3016643	Betula	936	46411	3504
CGG3016643	Bison	936	831	9900
CGG3016643	Bistorta	936	326	137670
CGG3016643	Botrychium	936	642	13829
CGG3016643	Brachypodium	936	538	15367
CGG3016643	Bromus	936	1091	4501
CGG3016643	Calamagrostis	936	2963	15376
CGG3016643	Callitriche	936	11149	13380
CGG3016643	Caltha	936	67205	3448
CGG3016643	Campanula	936	153	40568
CGG3016643	Carex	936	261983	13398
CGG3016643	Carpinus	936	6200	12989
CGG3016643	Catabrosa	936	9947	368337
CGG3016643	Cerastium	936	188	3579
CGG3016643	Chlorella	936	417	3071
CGG3016643	Cochlearia	936	218	97854
CGG3016643	Comarum	936	5745	395100
CGG3016643	Cornus	936	786	4281
CGG3016643	Corylus	936	25233	13450
CGG3016643	Cricetulus	936	364	10028
CGG3016643	Dactylis	936	126	4508
CGG3016643	Deschampsia	936	559	15452
CGG3016643	Drosera	936	97210	4363
CGG3016643	Elatine	936	145	125026
CGG3016643	Eleocharis	936	7059	46324
CGG3016643	Elymus	936	511	15492
CGG3016643	Empetrum	936	155	45918
CGG3016643	Epilobium	936	2970	13054
CGG3016643	Equisetum	936	6731	3257
CGG3016643	Eriophorum	936	1134	46326
CGG3016643	Festuca	936	21775	4605
CGG3016643	Filipendula	936	30908	23170
CGG3016643	Fragaria	936	4732	3746
CGG3016643	Galium	936	1048	25168
CGG3016643	Geranium	936	20298	4028
CGG3016643	Geum	936	432	3761
CGG3016643	Gymnocarpium	936	307	32115
CGG3016643	Haloragis	936	286	40010
CGG3016643	Hammarbya	936	301	1155242
CGG3016643	Hedlundia	936	1099	2666035
CGG3016643	Helictochloa	936	1637	1155210
CGG3016643	Hippuris	936	1002	39200
CGG3016643	Hordeum	936	34915	4512
CGG3016643	Juglans	936	166	16718
CGG3016643	Juncus	936	2754	13578
CGG3016643	Lemna	936	8994	4469
CGG3016643	Leymus	936	897	52713
CGG3016643	Lolium	936	7806	4520
CGG3016643	Luzula	936	681	46322
CGG3016643	Malus	936	6629	3749
CGG3016643	Melampyrum	936	114	52724
CGG3016643	Menyanthes	936	1403	24581
CGG3016643	Micranthes	936	127	759618
CGG3016643	Milium	936	105	368340
CGG3016643	Myosotis	936	251	192333
CGG3016643	Myriophyllum	936	5445898	24952
CGG3016643	Oreojuncus	936	261	1674043
CGG3016643	Ovis	936	4834	9935
CGG3016643	Pedicularis	936	332	43174
CGG3016643	Phasianus	936	294	9053
CGG3016643	Phegopteris	936	239076	93618
CGG3016643	Picea	936	295	3328
CGG3016643	Pinguicula	936	1055	4197
CGG3016643	Poa	936	14849	4544
CGG3016643	Polygonum	936	20153	46786
CGG3016643	Populus	936	4116	3689
CGG3016643	Potamogeton	936	12964	13228
CGG3016643	Potentilla	936	17823	23204
CGG3016643	Prunus	936	489	3754
CGG3016643	Puccinellia	936	354	13648
CGG3016643	Pyrus	936	11655	3766
CGG3016643	Ranunculus	936	7089	3445
CGG3016643	Rhinanthus	936	116	46059
CGG3016643	Rosa	936	999	3764
CGG3016643	Rubus	936	700	23216
CGG3016643	Rumex	936	3763	3618
CGG3016643	Salix	936	14512	40685
CGG3016643	Saxifraga	936	5299	3798
CGG3016643	Silene	936	590	3573
CGG3016643	Sorbus	936	5381	23222
CGG3016643	Spinacia	936	108	3561
CGG3016643	Stellaria	936	909	13273
CGG3016643	Stuckenia	936	86538	246706
CGG3016643	Sus	936	1026	9822
CGG3016643	Taraxacum	936	682	49743
CGG3016643	Triticum	936	1911	4564
CGG3016643	Trollius	936	4834	39245
CGG3016643	Utricularia	936	4397	13747
CGG3016643	Vaccinium	936	345	13749
CGG3016643	Veratrum	936	23607	50241
CGG3016643	Viola	936	908	13757
CGG3016643	Zannichellia	936	787	27253
CGG3016645	Aegilops	923	638	4480
CGG3016645	Agrostis	923	57187	15297
CGG3016645	Alchemilla	923	698	23138
CGG3016645	Alopecurus	923	284	15303
CGG3016645	Anas	923	11252	8835
CGG3016645	Angelica	923	26161	40948
CGG3016645	Anser	923	1665	8842
CGG3016645	Antennaria	923	6134	41475
CGG3016645	Anthoxanthum	923	1041	15324
CGG3016645	Anthriscus	923	845	40886
CGG3016645	Anthyllis	923	4307	118889
CGG3016645	Auxenochlorella	923	236	191392
CGG3016645	Avena	923	267	4496
CGG3016645	Avenella	923	5921	391960
CGG3016645	Aythya	923	633	30384
CGG3016645	Betula	923	124013	3504
CGG3016645	Bison	923	613	9900
CGG3016645	Bistorta	923	6575	137670
CGG3016645	Botrychium	923	437	13829
CGG3016645	Brachypodium	923	509	15367
CGG3016645	Braya	923	307	97987
CGG3016645	Bromus	923	2106	4501
CGG3016645	Calamagrostis	923	2947	15376
CGG3016645	Callitriche	923	32102	13380
CGG3016645	Caltha	923	16731	3448
CGG3016645	Campanula	923	314	40568
CGG3016645	Carex	923	648625	13398
CGG3016645	Carpinus	923	10116	12989
CGG3016645	Catabrosa	923	2266	368337
CGG3016645	Cerastium	923	420	3579
CGG3016645	Chironomus	923	2639	7150
CGG3016645	Chlorella	923	156	3071
CGG3016645	Cochlearia	923	591	97854
CGG3016645	Comarum	923	23348	395100
CGG3016645	Cornus	923	1804	4281
CGG3016645	Corylus	923	43009	13450
CGG3016645	Cynoglossum	923	899	181188
CGG3016645	Cystopteris	923	212	32111
CGG3016645	Dactylis	923	388	4508
CGG3016645	Deschampsia	923	624	15452
CGG3016645	Drosera	923	157276	4363
CGG3016645	Dryas	923	185	48230
CGG3016645	Elatine	923	194	125026
CGG3016645	Eleocharis	923	5591	46324
CGG3016645	Elymus	923	636	15492
CGG3016645	Empetrum	923	900	45918
CGG3016645	Epilobium	923	6520	13054
CGG3016645	Equisetum	923	18079	3257
CGG3016645	Eriophorum	923	15933	46326
CGG3016645	Festuca	923	29288	4605
CGG3016645	Filipendula	923	85663	23170
CGG3016645	Fragaria	923	11787	3746
CGG3016645	Galium	923	996	25168
CGG3016645	Geranium	923	43518	4028
CGG3016645	Glyceria	923	754	37871
CGG3016645	Gymnocarpium	923	123	32115
CGG3016645	Hammarbya	923	384	1155242
CGG3016645	Hedlundia	923	586	2666035
CGG3016645	Helictochloa	923	1477	1155210
CGG3016645	Hippuris	923	809	39200
CGG3016645	Hordeum	923	20026	4512
CGG3016645	Isoetes	923	880	13838
CGG3016645	Juglans	923	405	16718
CGG3016645	Lemna	923	13104	4469
CGG3016645	Leymus	923	953	52713
CGG3016645	Littorella	923	145	223166
CGG3016645	Lolium	923	8686	4520
CGG3016645	Luzula	923	482	46322
CGG3016645	Malus	923	6214	3749
CGG3016645	Matricaria	923	646	56016
CGG3016645	Menyanthes	923	11695	24581
CGG3016645	Micranthes	923	137	759618
CGG3016645	Minuartia	923	110	258339
CGG3016645	Myosotis	923	275	192333
CGG3016645	Myrica	923	269	3509
CGG3016645	Myriophyllum	923	9215951	24952
CGG3016645	Omalotheca	923	256	1754163
CGG3016645	Oreojuncus	923	329	1674043
CGG3016645	Ovis	923	899	9935
CGG3016645	Penthorum	923	226	23261
CGG3016645	Phasianus	923	561	9053
CGG3016645	Phegopteris	923	229414	93618
CGG3016645	Phleum	923	112	15956
CGG3016645	Picea	923	244	3328
CGG3016645	Pinguicula	923	3211	4197
CGG3016645	Poa	923	11463	4544
CGG3016645	Polygonum	923	5225	46786
CGG3016645	Populus	923	21654	3689
CGG3016645	Potamogeton	923	20994	13228
CGG3016645	Potentilla	923	28123	23204
CGG3016645	Prunus	923	577	3754
CGG3016645	Puccinellia	923	361	13648
CGG3016645	Pyrus	923	7488	3766
CGG3016645	Ranunculus	923	6508	3445
CGG3016645	Rhinanthus	923	138	46059
CGG3016645	Rosa	923	1998	3764
CGG3016645	Rubus	923	840	23216
CGG3016645	Rumex	923	1809	3618
CGG3016645	Saccoglossus	923	158	10222
CGG3016645	Salix	923	220991	40685
CGG3016645	Saxifraga	923	10288	3798
CGG3016645	Silene	923	574	3573
CGG3016645	Silybum	923	101	92920
CGG3016645	Sorbus	923	7146	23222
CGG3016645	Stellaria	923	190	13273
CGG3016645	Stuckenia	923	48162	246706
CGG3016645	Sus	923	219	9822
CGG3016645	Taraxacum	923	1116	49743
CGG3016645	Trichophorum	923	774	76514
CGG3016645	Trisetum	923	117	87476
CGG3016645	Triticum	923	2629	4564
CGG3016645	Trollius	923	3222	39245
CGG3016645	Utricularia	923	10491	13747
CGG3016645	Vaccinium	923	1357	13749
CGG3016645	Veratrum	923	47351	50241
CGG3016645	Viola	923	1591	13757
CGG3016645	Zannichellia	923	1062	27253
CGG3016647	Aegilops	912	622	4480
CGG3016647	Agrostis	912	27800	15297
CGG3016647	Alopecurus	912	234	15303
CGG3016647	Anas	912	11777	8835
CGG3016647	Angelica	912	35597	40948
CGG3016647	Antennaria	912	9079	41475
CGG3016647	Anthoxanthum	912	1761	15324
CGG3016647	Anthriscus	912	481	40886
CGG3016647	Anthyllis	912	276	118889
CGG3016647	Auxenochlorella	912	1903	191392
CGG3016647	Avena	912	137	4496
CGG3016647	Avenella	912	1177	391960
CGG3016647	Aythya	912	471	30384
CGG3016647	Betula	912	21962	3504
CGG3016647	Bison	912	905	9900
CGG3016647	Bistorta	912	641	137670
CGG3016647	Botrychium	912	1850	13829
CGG3016647	Brachypodium	912	335	15367
CGG3016647	Brassica	912	159	3705
CGG3016647	Bromus	912	1025	4501
CGG3016647	Calamagrostis	912	2156	15376
CGG3016647	Callitriche	912	6069	13380
CGG3016647	Caltha	912	16609	3448
CGG3016647	Carex	912	614543	13398
CGG3016647	Carpinus	912	3211	12989
CGG3016647	Catabrosa	912	2692	368337
CGG3016647	Chlamydomonas	912	122	3052
CGG3016647	Chlorella	912	348	3071
CGG3016647	Choricystis	912	203	41299
CGG3016647	Comarum	912	1279	395100
CGG3016647	Cornus	912	1135	4281
CGG3016647	Corylus	912	13914	13450
CGG3016647	Dactylis	912	173	4508
CGG3016647	Deschampsia	912	469	15452
CGG3016647	Drosera	912	201568	4363
CGG3016647	Elatine	912	141	125026
CGG3016647	Elymus	912	686	15492
CGG3016647	Empetrum	912	245	45918
CGG3016647	Epilobium	912	4063	13054
CGG3016647	Equisetum	912	5418	3257
CGG3016647	Eriophorum	912	828	46326
CGG3016647	Festuca	912	14618	4605
CGG3016647	Filipendula	912	29230	23170
CGG3016647	Fragaria	912	2133	3746
CGG3016647	Geranium	912	5464	4028
CGG3016647	Glyceria	912	126	37871
CGG3016647	Haloragis	912	366	40010
CGG3016647	Hedlundia	912	324	2666035
CGG3016647	Helictochloa	912	986	1155210
CGG3016647	Hippuris	912	254	39200
CGG3016647	Hordelymus	912	111	376112
CGG3016647	Hordeum	912	71575	4512
CGG3016647	Hydra	912	112	6083
CGG3016647	Juglans	912	188	16718
CGG3016647	Lemna	912	17578	4469
CGG3016647	Leymus	912	841	52713
CGG3016647	Littorella	912	145	223166
CGG3016647	Lolium	912	4834	4520
CGG3016647	Luzula	912	189	46322
CGG3016647	Malus	912	4858	3749
CGG3016647	Menyanthes	912	10335	24581
CGG3016647	Micranthes	912	109	759618
CGG3016647	Milium	912	150	368340
CGG3016647	Myosotis	912	366	192333
CGG3016647	Myriophyllum	912	11658187	24952
CGG3016647	Oreojuncus	912	142	1674043
CGG3016647	Ovis	912	1817	9935
CGG3016647	Phasianus	912	259	9053
CGG3016647	Phegopteris	912	237622	93618
CGG3016647	Pinguicula	912	2363	4197
CGG3016647	Poa	912	9230	4544
CGG3016647	Polygonum	912	4964	46786
CGG3016647	Populus	912	3168	3689
CGG3016647	Potamogeton	912	5509	13228
CGG3016647	Potentilla	912	19110	23204
CGG3016647	Prunus	912	270	3754
CGG3016647	Puccinellia	912	124	13648
CGG3016647	Pyrus	912	4005	3766
CGG3016647	Ranunculus	912	1822	3445
CGG3016647	Rosa	912	392	3764
CGG3016647	Rumex	912	1806	3618
CGG3016647	Saccoglossus	912	141	10222
CGG3016647	Salix	912	235065	40685
CGG3016647	Saxifraga	912	8830	3798
CGG3016647	Silene	912	229	3573
CGG3016647	Sorbus	912	9096	23222
CGG3016647	Stellaria	912	405	13273
CGG3016647	Stuckenia	912	45733	246706
CGG3016647	Sus	912	382	9822
CGG3016647	Taraxacum	912	101	49743
CGG3016647	Triticum	912	1625	4564
CGG3016647	Trollius	912	17857	39245
CGG3016647	Utricularia	912	10679	13747
CGG3016647	Vaccinium	912	772	13749
CGG3016647	Veratrum	912	56040	50241
CGG3016647	Viola	912	518	13757
CGG3016647	Zannichellia	912	831	27253
CGG3016649	Aegilops	900	247	4480
CGG3016649	Agrostis	900	7478	15297
CGG3016649	Alopecurus	900	119	15303
CGG3016649	Anas	900	17179	8835
CGG3016649	Angelica	900	85992	40948
CGG3016649	Anguilla	900	108	7935
CGG3016649	Antennaria	900	18260	41475
CGG3016649	Anthoxanthum	900	488	15324
CGG3016649	Anthriscus	900	716	40886
CGG3016649	Anthyllis	900	2697	118889
CGG3016649	Armeria	900	186742	63086
CGG3016649	Auxenochlorella	900	1481	191392
CGG3016649	Avenella	900	170	391960
CGG3016649	Aythya	900	807	30384
CGG3016649	Betula	900	42160	3504
CGG3016649	Bison	900	513	9900
CGG3016649	Bistorta	900	2306	137670
CGG3016649	Botrychium	900	297	13829
CGG3016649	Brachypodium	900	226	15367
CGG3016649	Bromus	900	377	4501
CGG3016649	Calamagrostis	900	414	15376
CGG3016649	Callitriche	900	92188	13380
CGG3016649	Caltha	900	42535	3448
CGG3016649	Campanula	900	147	40568
CGG3016649	Carex	900	249106	13398
CGG3016649	Carpinus	900	4009	12989
CGG3016649	Cerastium	900	213	3579
CGG3016649	Chironomus	900	187	7150
CGG3016649	Choricystis	900	481	41299
CGG3016649	Cochlearia	900	471	97854
CGG3016649	Comarum	900	3947	395100
CGG3016649	Cornus	900	2870	4281
CGG3016649	Corylus	900	16774	13450
CGG3016649	Cynoglossum	900	365	181188
CGG3016649	Drosera	900	502027	4363
CGG3016649	Dryas	900	116	48230
CGG3016649	Elatine	900	707	125026
CGG3016649	Elymus	900	1252	15492
CGG3016649	Empetrum	900	1603	45918
CGG3016649	Epilobium	900	11030	13054
CGG3016649	Equisetum	900	10644	3257
CGG3016649	Eriophorum	900	1052	46326
CGG3016649	Festuca	900	8992	4605
CGG3016649	Filipendula	900	101234	23170
CGG3016649	Fragaria	900	4163	3746
CGG3016649	Geranium	900	14326	4028
CGG3016649	Gonocarpus	900	171	434502
CGG3016649	Hammarbya	900	134	1155242
CGG3016649	Hedlundia	900	292	2666035
CGG3016649	Helictochloa	900	728	1155210
CGG3016649	Hippuris	900	326	39200
CGG3016649	Hordelymus	900	180	376112
CGG3016649	Hordeum	900	4292	4512
CGG3016649	Hydra	900	485	6083
CGG3016649	Isoetes	900	140	13838
CGG3016649	Juglans	900	511	16718
CGG3016649	Lemna	900	49920	4469
CGG3016649	Leymus	900	1905	52713
CGG3016649	Littorella	900	1440	223166
CGG3016649	Lolium	900	2449	4520
CGG3016649	Malus	900	7327	3749
CGG3016649	Menyanthes	900	118	24581
CGG3016649	Myosotis	900	507	192333
CGG3016649	Myrica	900	125	3509
CGG3016649	Myriophyllum	900	37021279	24952
CGG3016649	Notodromas	900	1075	399044
CGG3016649	Otomesostoma	900	1101	2037768
CGG3016649	Phasianus	900	471	9053
CGG3016649	Phegopteris	900	2115922	93618
CGG3016649	Phleum	900	212	15956
CGG3016649	Picea	900	1162	3328
CGG3016649	Pinguicula	900	2452	4197
CGG3016649	Plantago	900	110	26867
CGG3016649	Poa	900	1435	4544
CGG3016649	Populus	900	11265	3689
CGG3016649	Potamogeton	900	2336	13228
CGG3016649	Potentilla	900	36839	23204
CGG3016649	Prunus	900	818	3754
CGG3016649	Puccinellia	900	169	13648
CGG3016649	Pyrus	900	4006	3766
CGG3016649	Ranunculus	900	1430	3445
CGG3016649	Rosa	900	969	3764
CGG3016649	Rubus	900	502	23216
CGG3016649	Rumex	900	1726	3618
CGG3016649	Saccoglossus	900	150	10222
CGG3016649	Salix	900	79142	40685
CGG3016649	Saxifraga	900	18954	3798
CGG3016649	Silene	900	297	3573
CGG3016649	Sorbus	900	24404	23222
CGG3016649	Spirogyra	900	2466	3179
CGG3016649	Stellaria	900	2656	13273
CGG3016649	Stuckenia	900	4135	246706
CGG3016649	Taraxacum	900	181	49743
CGG3016649	Trisetum	900	141	87476
CGG3016649	Triticum	900	2239	4564
CGG3016649	Trollius	900	34134	39245
CGG3016649	Utricularia	900	8300	13747
CGG3016649	Vaccinium	900	1062	13749
CGG3016649	Veratrum	900	151562	50241
CGG3016649	Viola	900	5085	13757
CGG3016649	Zannichellia	900	2034	27253
CGG3016649	NA	900	337	NA
CGG3016651	Aegilops	889	350	4480
CGG3016651	Agrostis	889	8102	15297
CGG3016651	Alopecurus	889	126	15303
CGG3016651	Anas	889	21872	8835
CGG3016651	Angelica	889	151986	40948
CGG3016651	Antennaria	889	26113	41475
CGG3016651	Anthoxanthum	889	2022	15324
CGG3016651	Anthriscus	889	4701	40886
CGG3016651	Anthyllis	889	857	118889
CGG3016651	Atriplex	889	195	3550
CGG3016651	Auxenochlorella	889	3582	191392
CGG3016651	Avena	889	128	4496
CGG3016651	Avenella	889	176	391960
CGG3016651	Aythya	889	948	30384
CGG3016651	Betula	889	14634	3504
CGG3016651	Bidens	889	929	42336
CGG3016651	Bison	889	510	9900
CGG3016651	Bistorta	889	309	137670
CGG3016651	Brachypodium	889	460	15367
CGG3016651	Bromus	889	857	4501
CGG3016651	Calamagrostis	889	519	15376
CGG3016651	Callitriche	889	143380	13380
CGG3016651	Caltha	889	88103	3448
CGG3016651	Campanula	889	375	40568
CGG3016651	Carex	889	569787	13398
CGG3016651	Carpinus	889	2117	12989
CGG3016651	Chironomus	889	189	7150
CGG3016651	Choricystis	889	249	41299
CGG3016651	Cochlearia	889	275	97854
CGG3016651	Comarum	889	2489	395100
CGG3016651	Cornus	889	11660	4281
CGG3016651	Corylus	889	8804	13450
CGG3016651	Cynoglossum	889	179	181188
CGG3016651	Dactylis	889	133	4508
CGG3016651	Deschampsia	889	171	15452
CGG3016651	Drosera	889	919571	4363
CGG3016651	Elatine	889	1069	125026
CGG3016651	Elymus	889	2378	15492
CGG3016651	Empetrum	889	672	45918
CGG3016651	Epilobium	889	20690	13054
CGG3016651	Equisetum	889	19144	3257
CGG3016651	Eriophorum	889	205	46326
CGG3016651	Festuca	889	12777	4605
CGG3016651	Filipendula	889	23896	23170
CGG3016651	Fragaria	889	2360	3746
CGG3016651	Gasterosteus	889	772	69292
CGG3016651	Geranium	889	3590	4028
CGG3016651	Glyceria	889	115	37871
CGG3016651	Gonocarpus	889	262	434502
CGG3016651	Hedlundia	889	181	2666035
CGG3016651	Helictochloa	889	1563	1155210
CGG3016651	Hippuris	889	368	39200
CGG3016651	Homo	889	371	9605
CGG3016651	Hordelymus	889	570	376112
CGG3016651	Hordeum	889	4025	4512
CGG3016651	Hydra	889	156	6083
CGG3016651	Lemna	889	86269	4469
CGG3016651	Leymus	889	6799	52713
CGG3016651	Littorella	889	367	223166
CGG3016651	Lolium	889	3880	4520
CGG3016651	Malus	889	26746	3749
CGG3016651	Myosotis	889	208	192333
CGG3016651	Myrica	889	135	3509
CGG3016651	Myriophyllum	889	71709539	24952
CGG3016651	Notodromas	889	504	399044
CGG3016651	Oreojuncus	889	263	1674043
CGG3016651	Phasianus	889	347	9053
CGG3016651	Phegopteris	889	3962661	93618
CGG3016651	Phippsia	889	102	368331
CGG3016651	Picea	889	1970	3328
CGG3016651	Pinguicula	889	1797	4197
CGG3016651	Plantago	889	172	26867
CGG3016651	Poa	889	2782	4544
CGG3016651	Populus	889	5717	3689
CGG3016651	Potamogeton	889	5682	13228
CGG3016651	Potentilla	889	98516	23204
CGG3016651	Puccinellia	889	3576	13648
CGG3016651	Pyrus	889	2210	3766
CGG3016651	Ranunculus	889	3738	3445
CGG3016651	Rhinanthus	889	1017	46059
CGG3016651	Rumex	889	2026	3618
CGG3016651	Salix	889	54273	40685
CGG3016651	Saxifraga	889	39067	3798
CGG3016651	Silene	889	105	3573
CGG3016651	Sorbus	889	42860	23222
CGG3016651	Stuckenia	889	1731	246706
CGG3016651	Taraxacum	889	112	49743
CGG3016651	Triticum	889	3755	4564
CGG3016651	Trollius	889	59928	39245
CGG3016651	Utricularia	889	5271	13747
CGG3016651	Veratrum	889	290560	50241
CGG3016651	Viola	889	7769	13757
CGG3016651	Zannichellia	889	2380	27253
CGG3016651	NA	889	318	NA
CGG3016652	Agrostis	883	197	15297
CGG3016652	Anas	883	10375	8835
CGG3016652	Angelica	883	55061	40948
CGG3016652	Anguilla	883	208	7935
CGG3016652	Antennaria	883	10273	41475
CGG3016652	Anthoxanthum	883	178	15324
CGG3016652	Anthriscus	883	1253	40886
CGG3016652	Auxenochlorella	883	174	191392
CGG3016652	Aythya	883	661	30384
CGG3016652	Betula	883	8628	3504
CGG3016652	Bison	883	232	9900
CGG3016652	Bistorta	883	484	137670
CGG3016652	Botrychium	883	224	13829
CGG3016652	Callitriche	883	34450	13380
CGG3016652	Caltha	883	55189	3448
CGG3016652	Campanula	883	674	40568
CGG3016652	Carex	883	218880	13398
CGG3016652	Carpinus	883	1207	12989
CGG3016652	Chironomus	883	292	7150
CGG3016652	Chlamydomonas	883	468	3052
CGG3016652	Choricystis	883	317	41299
CGG3016652	Comarum	883	867	395100
CGG3016652	Cornus	883	2678	4281
CGG3016652	Corylus	883	4946	13450
CGG3016652	Cynoglossum	883	231	181188
CGG3016652	Drosera	883	309679	4363
CGG3016652	Elatine	883	602	125026
CGG3016652	Empetrum	883	281	45918
CGG3016652	Epilobium	883	6349	13054
CGG3016652	Equisetum	883	6197	3257
CGG3016652	Eriophorum	883	127	46326
CGG3016652	Festuca	883	1360	4605
CGG3016652	Filipendula	883	12306	23170
CGG3016652	Fragaria	883	1599	3746
CGG3016652	Geranium	883	1098	4028
CGG3016652	Haloragis	883	414	40010
CGG3016652	Hippuris	883	584	39200
CGG3016652	Hordeum	883	234	4512
CGG3016652	Hydra	883	416	6083
CGG3016652	Lemna	883	31785	4469
CGG3016652	Leymus	883	137	52713
CGG3016652	Littorella	883	502	223166
CGG3016652	Lolium	883	590	4520
CGG3016652	Malus	883	8319	3749
CGG3016652	Myosotis	883	134	192333
CGG3016652	Myriophyllum	883	21900291	24952
CGG3016652	Notodromas	883	1042	399044
CGG3016652	Phasianus	883	268	9053
CGG3016652	Phegopteris	883	1425012	93618
CGG3016652	Picea	883	758	3328
CGG3016652	Pinguicula	883	407	4197
CGG3016652	Poa	883	180	4544
CGG3016652	Populus	883	7234	3689
CGG3016652	Potamogeton	883	2350	13228
CGG3016652	Potentilla	883	38193	23204
CGG3016652	Prunus	883	436	3754
CGG3016652	Pyrus	883	123	3766
CGG3016652	Ranunculus	883	1054	3445
CGG3016652	Rumex	883	187	3618
CGG3016652	Saccoglossus	883	134	10222
CGG3016652	Salix	883	45018	40685
CGG3016652	Saxifraga	883	19179	3798
CGG3016652	Sorbus	883	14338	23222
CGG3016652	Stuckenia	883	912	246706
CGG3016652	Triticum	883	681	4564
CGG3016652	Trollius	883	19679	39245
CGG3016652	Utricularia	883	3166	13747
CGG3016652	Veratrum	883	103676	50241
CGG3016652	Viola	883	180	13757
CGG3016652	Zannichellia	883	2200	27253
CGG3016652	NA	883	279	NA
CGG3016653	Aegilops	858	166	4480
CGG3016653	Agrostis	858	1280	15297
CGG3016653	Anas	858	13752	8835
CGG3016653	Angelica	858	46442	40948
CGG3016653	Anguilla	858	1467	7935
CGG3016653	Antennaria	858	10694	41475
CGG3016653	Anthoxanthum	858	300	15324
CGG3016653	Anthriscus	858	344	40886
CGG3016653	Atriplex	858	120	3550
CGG3016653	Aythya	858	1005	30384
CGG3016653	Betula	858	15738	3504
CGG3016653	Bison	858	1396	9900
CGG3016653	Bistorta	858	25675	137670
CGG3016653	Botrychium	858	1094	13829
CGG3016653	Brachypodium	858	111	15367
CGG3016653	Brassica	858	699	3705
CGG3016653	Bromus	858	204	4501
CGG3016653	Calamagrostis	858	177	15376
CGG3016653	Callitriche	858	75967	13380
CGG3016653	Caltha	858	63437	3448
CGG3016653	Campanula	858	909	40568
CGG3016653	Carex	858	166443	13398
CGG3016653	Carpinus	858	2423	12989
CGG3016653	Cerastium	858	106	3579
CGG3016653	Chironomus	858	942	7150
CGG3016653	Chlamydomonas	858	1122	3052
CGG3016653	Chlorella	858	242	3071
CGG3016653	Choricystis	858	440	41299
CGG3016653	Cochlearia	858	158	97854
CGG3016653	Comarum	858	1501	395100
CGG3016653	Cornus	858	2168	4281
CGG3016653	Corylus	858	9771	13450
CGG3016653	Cynoglossum	858	463	181188
CGG3016653	Drosera	858	308949	4363
CGG3016653	Elatine	858	1375	125026
CGG3016653	Elymus	858	495	15492
CGG3016653	Epilobium	858	5600	13054
CGG3016653	Equisetum	858	4694	3257
CGG3016653	Eriophorum	858	222	46326
CGG3016653	Festuca	858	3419	4605
CGG3016653	Filipendula	858	18217	23170
CGG3016653	Fragaria	858	2613	3746
CGG3016653	Gasterosteus	858	759	69292
CGG3016653	Geranium	858	2790	4028
CGG3016653	Haloragis	858	636	40010
CGG3016653	Helictochloa	858	253	1155210
CGG3016653	Hippuris	858	5296	39200
CGG3016653	Hordeum	858	1113	4512
CGG3016653	Hydra	858	1747	6083
CGG3016653	Isoetes	858	161	13838
CGG3016653	Lemna	858	31818	4469
CGG3016653	Leymus	858	801	52713
CGG3016653	Littorella	858	1077	223166
CGG3016653	Lolium	858	1493	4520
CGG3016653	Malus	858	3224	3749
CGG3016653	Menyanthes	858	836	24581
CGG3016653	Micranthes	858	358	759618
CGG3016653	Minuartia	858	165	258339
CGG3016653	Mychonastes	858	173	91354
CGG3016653	Myosotis	858	327	192333
CGG3016653	Myrica	858	152	3509
CGG3016653	Myriophyllum	858	23617725	24952
CGG3016653	Notodromas	858	2964	399044
CGG3016653	Phasianus	858	641	9053
CGG3016653	Phegopteris	858	1265095	93618
CGG3016653	Picea	858	150	3328
CGG3016653	Pinguicula	858	1007	4197
CGG3016653	Poa	858	298	4544
CGG3016653	Populus	858	17117	3689
CGG3016653	Potamogeton	858	12689	13228
CGG3016653	Potentilla	858	22625	23204
CGG3016653	Prunus	858	547	3754
CGG3016653	Puccinellia	858	1098	13648
CGG3016653	Pyrus	858	477	3766
CGG3016653	Ranunculus	858	1691	3445
CGG3016653	Rumex	858	1492	3618
CGG3016653	Saccoglossus	858	200	10222
CGG3016653	Salix	858	58441	40685
CGG3016653	Saxifraga	858	9789	3798
CGG3016653	Sedum	858	100	3784
CGG3016653	Sorbus	858	13919	23222
CGG3016653	Stuckenia	858	4251	246706
CGG3016653	Taraxacum	858	225	49743
CGG3016653	Triticum	858	1977	4564
CGG3016653	Trollius	858	13050	39245
CGG3016653	Utricularia	858	6970	13747
CGG3016653	Valeriana	858	102	19952
CGG3016653	Veratrum	858	89635	50241
CGG3016653	Viola	858	786	13757
CGG3016653	Zannichellia	858	3141	27253
CGG3016653	NA	858	170	NA
CGG3016654	Aegilops	815	124	4480
CGG3016654	Anas	815	2073	8835
CGG3016654	Angelica	815	29565	40948
CGG3016654	Anguilla	815	111	7935
CGG3016654	Antennaria	815	7781	41475
CGG3016654	Betula	815	2455	3504
CGG3016654	Bison	815	487	9900
CGG3016654	Bistorta	815	307	137670
CGG3016654	Callitriche	815	55140	13380
CGG3016654	Caltha	815	16258	3448
CGG3016654	Carex	815	453563	13398
CGG3016654	Carpinus	815	564	12989
CGG3016654	Chironomus	815	331	7150
CGG3016654	Choricystis	815	125	41299
CGG3016654	Cornus	815	1167	4281
CGG3016654	Corylus	815	1969	13450
CGG3016654	Drosera	815	174156	4363
CGG3016654	Elatine	815	1300	125026
CGG3016654	Elymus	815	142	15492
CGG3016654	Epilobium	815	3584	13054
CGG3016654	Equisetum	815	2685	3257
CGG3016654	Festuca	815	1639	4605
CGG3016654	Filipendula	815	3763	23170
CGG3016654	Geranium	815	370	4028
CGG3016654	Helictochloa	815	208	1155210
CGG3016654	Hippuris	815	481	39200
CGG3016654	Hordeum	815	754	4512
CGG3016654	Lemna	815	15464	4469
CGG3016654	Littorella	815	469	223166
CGG3016654	Lolium	815	900	4520
CGG3016654	Malus	815	2272	3749
CGG3016654	Micranthes	815	328	759618
CGG3016654	Myriophyllum	815	10707749	24952
CGG3016654	Notodromas	815	1160	399044
CGG3016654	Phasianus	815	375	9053
CGG3016654	Phegopteris	815	420097	93618
CGG3016654	Picea	815	287	3328
CGG3016654	Pinguicula	815	314	4197
CGG3016654	Populus	815	1946	3689
CGG3016654	Potamogeton	815	4308	13228
CGG3016654	Potentilla	815	13416	23204
CGG3016654	Ranunculus	815	172	3445
CGG3016654	Salix	815	8688	40685
CGG3016654	Saxifraga	815	6943	3798
CGG3016654	Sorbus	815	7281	23222
CGG3016654	Stuckenia	815	768	246706
CGG3016654	Triticum	815	500	4564
CGG3016654	Trollius	815	8823	39245
CGG3016654	Utricularia	815	2218	13747
CGG3016654	Veratrum	815	44100	50241
CGG3016654	Viola	815	336	13757
CGG3016654	Zannichellia	815	902	27253
CGG3016656	Aegilops	705	240	4480
CGG3016656	Agrostis	705	230	15297
CGG3016656	Anas	705	4359	8835
CGG3016656	Angelica	705	39922	40948
CGG3016656	Anguilla	705	254	7935
CGG3016656	Antennaria	705	8985	41475
CGG3016656	Anthriscus	705	285	40886
CGG3016656	Athyrium	705	6579	32109
CGG3016656	Atriplex	705	115	3550
CGG3016656	Betula	705	7712	3504
CGG3016656	Bison	705	629	9900
CGG3016656	Bistorta	705	1428	137670
CGG3016656	Callitriche	705	90526	13380
CGG3016656	Caltha	705	27603	3448
CGG3016656	Campanula	705	138	40568
CGG3016656	Carex	705	117032	13398
CGG3016656	Carpinus	705	1333	12989
CGG3016656	Chironomus	705	465	7150
CGG3016656	Chlamydomonas	705	247	3052
CGG3016656	Choricystis	705	413	41299
CGG3016656	Cochlearia	705	194	97854
CGG3016656	Cornus	705	1202	4281
CGG3016656	Corylus	705	5738	13450
CGG3016656	Cystopteris	705	22464	32111
CGG3016656	Drosera	705	233855	4363
CGG3016656	Dryas	705	1094	48230
CGG3016656	Dryopteris	705	6300	3287
CGG3016656	Elatine	705	615	125026
CGG3016656	Elymus	705	380	15492
CGG3016656	Epilobium	705	4042	13054
CGG3016656	Equisetum	705	5763	3257
CGG3016656	Festuca	705	2554	4605
CGG3016656	Filipendula	705	7178	23170
CGG3016656	Geranium	705	533	4028
CGG3016656	Gymnocarpium	705	897418	32115
CGG3016656	Hammarbya	705	130	1155242
CGG3016656	Helictochloa	705	287	1155210
CGG3016656	Hippuris	705	346	39200
CGG3016656	Hordeum	705	644	4512
CGG3016656	Lemna	705	21883	4469
CGG3016656	Leymus	705	600	52713
CGG3016656	Littorella	705	330	223166
CGG3016656	Lolium	705	1095	4520
CGG3016656	Malus	705	4061	3749
CGG3016656	Mychonastes	705	253	91354
CGG3016656	Myosotis	705	136	192333
CGG3016656	Myriophyllum	705	14731882	24952
CGG3016656	Notodromas	705	2536	399044
CGG3016656	Penthorum	705	342	23261
CGG3016656	Phasianus	705	506	9053
CGG3016656	Phegopteris	705	1005516	93618
CGG3016656	Picea	705	470	3328
CGG3016656	Pinguicula	705	722	4197
CGG3016656	Poa	705	178	4544
CGG3016656	Populus	705	3674	3689
CGG3016656	Potamogeton	705	16047	13228
CGG3016656	Potentilla	705	15871	23204
CGG3016656	Puccinellia	705	1259	13648
CGG3016656	Pyrus	705	374	3766
CGG3016656	Ranunculus	705	495	3445
CGG3016656	Rumex	705	217	3618
CGG3016656	Saccoglossus	705	100	10222
CGG3016656	Salix	705	14266	40685
CGG3016656	Saxifraga	705	9000	3798
CGG3016656	Sorbus	705	10287	23222
CGG3016656	Spinacia	705	190769	3561
CGG3016656	Struthiopteris	705	3187	1813958
CGG3016656	Stuckenia	705	829	246706
CGG3016656	Triticum	705	1377	4564
CGG3016656	Trollius	705	10087	39245
CGG3016656	Utricularia	705	3348	13747
CGG3016656	Veratrum	705	69995	50241
CGG3016656	Viola	705	3988	13757
CGG3016656	Zannichellia	705	2763	27253
CGG3016656	Zostera	705	171	27257
CGG3016658	Aegilops	573	2438	4480
CGG3016658	Agropyron	573	130	4592
CGG3016658	Agrostis	573	425	15297
CGG3016658	Angelica	573	13632	40948
CGG3016658	Antennaria	573	990	41475
CGG3016658	Anthoxanthum	573	388	15324
CGG3016658	Anthriscus	573	800	40886
CGG3016658	Athyrium	573	309	32109
CGG3016658	Atriplex	573	513	3550
CGG3016658	Auxenochlorella	573	179	191392
CGG3016658	Avena	573	106	4496
CGG3016658	Bathycoccus	573	715	41874
CGG3016658	Betula	573	4804	3504
CGG3016658	Bidens	573	159	42336
CGG3016658	Bison	573	109	9900
CGG3016658	Brachionus	573	585	10194
CGG3016658	Brachypodium	573	612	15367
CGG3016658	Bromus	573	939	4501
CGG3016658	Calamagrostis	573	102	15376
CGG3016658	Callitriche	573	17627	13380
CGG3016658	Caltha	573	23771	3448
CGG3016658	Campanula	573	147	40568
CGG3016658	Carex	573	120123	13398
CGG3016658	Carpinus	573	767	12989
CGG3016658	Catabrosa	573	253	368337
CGG3016658	Cerastium	573	100	3579
CGG3016658	Chironomus	573	415	7150
CGG3016658	Chlamydomonas	573	1080	3052
CGG3016658	Chlorella	573	328	3071
CGG3016658	Choricystis	573	359	41299
CGG3016658	Cochlearia	573	346	97854
CGG3016658	Cornus	573	2094	4281
CGG3016658	Corylus	573	3347	13450
CGG3016658	Cyprideis	573	1037	163713
CGG3016658	Drosera	573	53586	4363
CGG3016658	Elatine	573	327	125026
CGG3016658	Elymus	573	5847	15492
CGG3016658	Empetrum	573	152	45918
CGG3016658	Epilobium	573	2649	13054
CGG3016658	Equisetum	573	2437	3257
CGG3016658	Festuca	573	6696	4605
CGG3016658	Filipendula	573	13313	23170
CGG3016658	Geranium	573	2282	4028
CGG3016658	Hammarbya	573	212	1155242
CGG3016658	Hedlundia	573	213	2666035
CGG3016658	Helictochloa	573	464	1155210
CGG3016658	Hippuris	573	188	39200
CGG3016658	Hordelymus	573	1161	376112
CGG3016658	Hordeum	573	1655	4512
CGG3016658	Koeleria	573	288	49771
CGG3016658	Lemna	573	10969	4469
CGG3016658	Leymus	573	16412	52713
CGG3016658	Ligusticum	573	1784	49551
CGG3016658	Lolium	573	3793	4520
CGG3016658	Luzula	573	236	46322
CGG3016658	Malus	573	4842	3749
CGG3016658	Menyanthes	573	146	24581
CGG3016658	Mertensia	573	120	211512
CGG3016658	Mychonastes	573	187	91354
CGG3016658	Myriophyllum	573	4296040	24952
CGG3016658	Notodromas	573	907	399044
CGG3016658	Oncorhynchus	573	337	8016
CGG3016658	Oreojuncus	573	130	1674043
CGG3016658	Penthorum	573	115	23261
CGG3016658	Phasianus	573	384	9053
CGG3016658	Phegopteris	573	372683	93618
CGG3016658	Phippsia	573	776	368331
CGG3016658	Phleum	573	118	15956
CGG3016658	Picea	573	140	3328
CGG3016658	Picochlorum	573	909	249344
CGG3016658	Pinguicula	573	311	4197
CGG3016658	Plantago	573	603	26867
CGG3016658	Poa	573	1819	4544
CGG3016658	Populus	573	534	3689
CGG3016658	Potamogeton	573	1449	13228
CGG3016658	Potentilla	573	9046	23204
CGG3016658	Puccinellia	573	29115	13648
CGG3016658	Pycnococcus	573	1773	41879
CGG3016658	Pyrus	573	2576	3766
CGG3016658	Ranunculus	573	1936	3445
CGG3016658	Rumex	573	1690	3618
CGG3016658	Saccoglossus	573	123	10222
CGG3016658	Salix	573	22129	40685
CGG3016658	Saxifraga	573	31904	3798
CGG3016658	Silene	573	178	3573
CGG3016658	Sorbus	573	2965	23222
CGG3016658	Stuckenia	573	292	246706
CGG3016658	Taraxacum	573	291	49743
CGG3016658	Tripleurospermum	573	514	99107
CGG3016658	Triticum	573	4913	4564
CGG3016658	Trollius	573	4661	39245
CGG3016658	Ulva	573	305	3118
CGG3016658	Ulvaria	573	291	205401
CGG3016658	Utricularia	573	1270	13747
CGG3016658	Valeriana	573	148	19952
CGG3016658	Veratrum	573	25182	50241
CGG3016658	Viola	573	1008	13757
CGG3016658	Zannichellia	573	2070	27253
CGG3016658	Zostera	573	12501	27257
CGG3016660	Aegilops	445	3055	4480
CGG3016660	Aegopodium	445	192	40898
CGG3016660	Agropyron	445	102	4592
CGG3016660	Agrostis	445	181	15297
CGG3016660	Alopecurus	445	256	15303
CGG3016660	Angelica	445	8620	40948
CGG3016660	Anguilla	445	138	7935
CGG3016660	Antennaria	445	152	41475
CGG3016660	Anthoxanthum	445	1612	15324
CGG3016660	Anthriscus	445	123	40886
CGG3016660	Athyrium	445	130	32109
CGG3016660	Atriplex	445	243	3550
CGG3016660	Auxenochlorella	445	413	191392
CGG3016660	Avena	445	123	4496
CGG3016660	Bathycoccus	445	2074	41874
CGG3016660	Betula	445	4586	3504
CGG3016660	Bison	445	108	9900
CGG3016660	Brachionus	445	725	10194
CGG3016660	Brachypodium	445	658	15367
CGG3016660	Brassica	445	211	3705
CGG3016660	Bromus	445	3622	4501
CGG3016660	Calamagrostis	445	247	15376
CGG3016660	Caltha	445	622	3448
CGG3016660	Carex	445	10623	13398
CGG3016660	Carpinus	445	986	12989
CGG3016660	Catabrosa	445	335	368337
CGG3016660	Cerastium	445	147	3579
CGG3016660	Chlamydomonas	445	532	3052
CGG3016660	Chlorella	445	353	3071
CGG3016660	Cochlearia	445	635	97854
CGG3016660	Contarinia	445	255	153220
CGG3016660	Cornus	445	114	4281
CGG3016660	Corylus	445	4054	13450
CGG3016660	Cyprideis	445	4740	163713
CGG3016660	Dactylis	445	773	4508
CGG3016660	Deschampsia	445	194	15452
CGG3016660	Drosera	445	6320	4363
CGG3016660	Elatine	445	142	125026
CGG3016660	Elymus	445	9166	15492
CGG3016660	Empetrum	445	448	45918
CGG3016660	Epilobium	445	376	13054
CGG3016660	Equisetum	445	210	3257
CGG3016660	Eriophorum	445	112	46326
CGG3016660	Festuca	445	36397	4605
CGG3016660	Filipendula	445	11647	23170
CGG3016660	Gasterosteus	445	196	69292
CGG3016660	Geranium	445	537	4028
CGG3016660	Glyceria	445	335	37871
CGG3016660	Helictochloa	445	5287	1155210
CGG3016660	Honckenya	445	121997	169222
CGG3016660	Hordelymus	445	2209	376112
CGG3016660	Hordeum	445	2484	4512
CGG3016660	Isoetes	445	100	13838
CGG3016660	Koeleria	445	544	49771
CGG3016660	Lemna	445	451	4469
CGG3016660	Leymus	445	25889	52713
CGG3016660	Lolium	445	6810	4520
CGG3016660	Lumbricus	445	170	6397
CGG3016660	Luzula	445	620	46322
CGG3016660	Malus	445	514	3749
CGG3016660	Membranipora	445	142	95169
CGG3016660	Mertensia	445	6262	211512
CGG3016660	Milium	445	137	368340
CGG3016660	Myosotis	445	734	192333
CGG3016660	Myriophyllum	445	202982	24952
CGG3016660	Mytilus	445	354	6548
CGG3016660	Narthecium	445	788	114203
CGG3016660	Notodromas	445	159	399044
CGG3016660	Octopus	445	255	6643
CGG3016660	Oncorhynchus	445	1547	8016
CGG3016660	Oreojuncus	445	714	1674043
CGG3016660	Patella	445	205	6463
CGG3016660	Penaeus	445	623	133894
CGG3016660	Phasianus	445	289	9053
CGG3016660	Phegopteris	445	17899	93618
CGG3016660	Phippsia	445	1145	368331
CGG3016660	Phleum	445	352	15956
CGG3016660	Picochlorum	445	1317	249344
CGG3016660	Pinguicula	445	152	4197
CGG3016660	Plantago	445	1670	26867
CGG3016660	Poa	445	2113	4544
CGG3016660	Populus	445	174	3689
CGG3016660	Portunus	445	376	80835
CGG3016660	Potamogeton	445	274	13228
CGG3016660	Potentilla	445	981	23204
CGG3016660	Priapulus	445	282	37847
CGG3016660	Puccinellia	445	47739	13648
CGG3016660	Pycnococcus	445	16147	41879
CGG3016660	Pyrus	445	190	3766
CGG3016660	Ranunculus	445	334	3445
CGG3016660	Rumex	445	146	3618
CGG3016660	Saccoglossus	445	146	10222
CGG3016660	Salix	445	37285	40685
CGG3016660	Saxifraga	445	4251	3798
CGG3016660	Seseli	445	105	40951
CGG3016660	Silene	445	283	3573
CGG3016660	Sorbus	445	307	23222
CGG3016660	Strongylocentrotus	445	164	7664
CGG3016660	Stuckenia	445	461	246706
CGG3016660	Taraxacum	445	527	49743
CGG3016660	Timema	445	134	61471
CGG3016660	Tripleurospermum	445	1166	99107
CGG3016660	Triticum	445	6683	4564
CGG3016660	Trollius	445	512	39245
CGG3016660	Ulvaria	445	1057	205401
CGG3016660	Utricularia	445	1071	13747
CGG3016660	Veratrum	445	2501	50241
CGG3016660	Wilhelmsia	445	1469	270379
CGG3016660	Zannichellia	445	6106	27253
CGG3016660	Zostera	445	38410	27257
CGG3016660	NA	445	210	NA
CGG3016662	Aegilops	330	2191	4480
CGG3016662	Agropyron	330	110	4592
CGG3016662	Angelica	330	1738	40948
CGG3016662	Antennaria	330	426	41475
CGG3016662	Anthoxanthum	330	110	15324
CGG3016662	Asterias	330	110	7601
CGG3016662	Atriplex	330	390	3550
CGG3016662	Aulacomya	330	165	223989
CGG3016662	Bathycoccus	330	991	41874
CGG3016662	Betula	330	391	3504
CGG3016662	Biomphalaria	330	108	6525
CGG3016662	Brachypodium	330	279	15367
CGG3016662	Bromus	330	1489	4501
CGG3016662	Calamagrostis	330	108	15376
CGG3016662	Caltha	330	975	3448
CGG3016662	Carex	330	49624	13398
CGG3016662	Carpinus	330	177	12989
CGG3016662	Catabrosa	330	160	368337
CGG3016662	Cerastium	330	203	3579
CGG3016662	Cochlearia	330	159	97854
CGG3016662	Contarinia	330	2802	153220
CGG3016662	Cornus	330	235	4281
CGG3016662	Corylus	330	108	13450
CGG3016662	Cyprideis	330	4514	163713
CGG3016662	Dactylis	330	273	4508
CGG3016662	Darwinula	330	142	69354
CGG3016662	Deschampsia	330	130	15452
CGG3016662	Dromiciops	330	135	33561
CGG3016662	Drosera	330	10001	4363
CGG3016662	Drosophila	330	329	7215
CGG3016662	Elymus	330	9999	15492
CGG3016662	Empetrum	330	134	45918
CGG3016662	Epilobium	330	319	13054
CGG3016662	Equisetum	330	296	3257
CGG3016662	Festuca	330	20542	4605
CGG3016662	Filipendula	330	828	23170
CGG3016662	Gadus	330	291	8048
CGG3016662	Gasterosteus	330	436	69292
CGG3016662	Geranium	330	179	4028
CGG3016662	Glyceria	330	132	37871
CGG3016662	Helictochloa	330	1975	1155210
CGG3016662	Honckenya	330	991	169222
CGG3016662	Hordelymus	330	2267	376112
CGG3016662	Hordeum	330	2343	4512
CGG3016662	Koeleria	330	262	49771
CGG3016662	Lemna	330	648	4469
CGG3016662	Leymus	330	27664	52713
CGG3016662	Limnoperna	330	101	356392
CGG3016662	Lineus	330	529	6223
CGG3016662	Lolium	330	4613	4520
CGG3016662	Luzula	330	458	46322
CGG3016662	Malus	330	300	3749
CGG3016662	Membranipora	330	511	95169
CGG3016662	Myriophyllum	330	290949	24952
CGG3016662	Mytilus	330	7677	6548
CGG3016662	Narthecium	330	2417	114203
CGG3016662	Notodromas	330	237	399044
CGG3016662	Octopus	330	624	6643
CGG3016662	Oreojuncus	330	273	1674043
CGG3016662	Parnassia	330	132	3796
CGG3016662	Patella	330	342	6463
CGG3016662	Penaeus	330	1273	133894
CGG3016662	Phasianus	330	359	9053
CGG3016662	Phegopteris	330	29254	93618
CGG3016662	Phippsia	330	487	368331
CGG3016662	Picochlorum	330	250	249344
CGG3016662	Pinguicula	330	124	4197
CGG3016662	Plantago	330	219	26867
CGG3016662	Poa	330	1444	4544
CGG3016662	Portunus	330	696	80835
CGG3016662	Potamogeton	330	162	13228
CGG3016662	Potentilla	330	961	23204
CGG3016662	Priapulus	330	576	37847
CGG3016662	Puccinellia	330	20509	13648
CGG3016662	Pycnococcus	330	12751	41879
CGG3016662	Ranunculus	330	257	3445
CGG3016662	Rumex	330	123	3618
CGG3016662	Saccoglossus	330	126	10222
CGG3016662	Salix	330	1641	40685
CGG3016662	Saxifraga	330	3879	3798
CGG3016662	Sedum	330	146	3784
CGG3016662	Sorbus	330	399	23222
CGG3016662	Strongylocentrotus	330	233	7664
CGG3016662	Suaeda	330	147	46108
CGG3016662	Taraxacum	330	341	49743
CGG3016662	Timema	330	262	61471
CGG3016662	Tripleurospermum	330	158	99107
CGG3016662	Trisetum	330	241	87476
CGG3016662	Triticum	330	6335	4564
CGG3016662	Trollius	330	576	39245
CGG3016662	Ulva	330	6107	3118
CGG3016662	Ulvaria	330	3995	205401
CGG3016662	Utricularia	330	335	13747
CGG3016662	Veratrum	330	3226	50241
CGG3016662	Zannichellia	330	619	27253
CGG3016662	Zostera	330	24051	27257
CGG3016664	Aegilops	293	556	4480
CGG3016664	Angelica	293	131	40948
CGG3016664	Asterias	293	109	7601
CGG3016664	Avenella	293	439	391960
CGG3016664	Biomphalaria	293	215	6525
CGG3016664	Braya	293	133	97987
CGG3016664	Bromus	293	1268	4501
CGG3016664	Carex	293	1755	13398
CGG3016664	Contarinia	293	181	153220
CGG3016664	Cyprideis	293	490	163713
CGG3016664	Dactylis	293	227	4508
CGG3016664	Dromiciops	293	175	33561
CGG3016664	Drosera	293	525	4363
CGG3016664	Drosophila	293	511	7215
CGG3016664	Elymus	293	534	15492
CGG3016664	Equisetum	293	155	3257
CGG3016664	Festuca	293	17204	4605
CGG3016664	Filipendula	293	200	23170
CGG3016664	Glyceria	293	247	37871
CGG3016664	Halocynthia	293	120	7728
CGG3016664	Helictochloa	293	3124	1155210
CGG3016664	Honckenya	293	22757	169222
CGG3016664	Hordeum	293	872	4512
CGG3016664	Lemna	293	378	4469
CGG3016664	Leymus	293	1502	52713
CGG3016664	Lineus	293	138	6223
CGG3016664	Lolium	293	1760	4520
CGG3016664	Luzula	293	313	46322
CGG3016664	Membranipora	293	224	95169
CGG3016664	Mertensia	293	476	211512
CGG3016664	Minuartia	293	222	258339
CGG3016664	Myriophyllum	293	12995	24952
CGG3016664	Mytilus	293	262	6548
CGG3016664	Octopus	293	733	6643
CGG3016664	Oncorhynchus	293	133	8016
CGG3016664	Oreojuncus	293	293	1674043
CGG3016664	Patella	293	129	6463
CGG3016664	Penaeus	293	1523	133894
CGG3016664	Phasianus	293	142	9053
CGG3016664	Phippsia	293	188	368331
CGG3016664	Poa	293	699	4544
CGG3016664	Populus	293	312	3689
CGG3016664	Portunus	293	1566	80835
CGG3016664	Potamogeton	293	111	13228
CGG3016664	Priapulus	293	150	37847
CGG3016664	Puccinellia	293	4569	13648
CGG3016664	Pycnococcus	293	8315	41879
CGG3016664	Salix	293	10737	40685
CGG3016664	Saxifraga	293	791	3798
CGG3016664	Streptopus	293	121	16237
CGG3016664	Suaeda	293	119	46108
CGG3016664	Taraxacum	293	101	49743
CGG3016664	Triticum	293	1178	4564
CGG3016664	Trollius	293	225	39245
CGG3016664	Ulva	293	576	3118
CGG3016664	Ulvaria	293	125	205401
CGG3016664	Utricularia	293	151	13747
CGG3016664	Veratrum	293	222	50241
CGG3016664	Wilhelmsia	293	271	270379
CGG3016664	Zannichellia	293	196	27253
CGG3016664	Zostera	293	41664	27257
CGG3016666	Aegilops	268.5	334	4480
CGG3016666	Bathycoccus	268.5	582	41874
CGG3016666	Biomphalaria	268.5	181	6525
CGG3016666	Caltha	268.5	110	3448
CGG3016666	Carex	268.5	655	13398
CGG3016666	Contarinia	268.5	728	153220
CGG3016666	Darwinula	268.5	307	69354
CGG3016666	Drosera	268.5	123	4363
CGG3016666	Elymus	268.5	149	15492
CGG3016666	Equisetum	268.5	158	3257
CGG3016666	Festuca	268.5	381	4605
CGG3016666	Filipendula	268.5	370	23170
CGG3016666	Gasterosteus	268.5	164	69292
CGG3016666	Hordeum	268.5	114	4512
CGG3016666	Leymus	268.5	280	52713
CGG3016666	Lolium	268.5	607	4520
CGG3016666	Luzula	268.5	107	46322
CGG3016666	Myriophyllum	268.5	2634	24952
CGG3016666	Mytilus	268.5	1010	6548
CGG3016666	Octopus	268.5	291	6643
CGG3016666	Patella	268.5	107	6463
CGG3016666	Phasianus	268.5	265	9053
CGG3016666	Phegopteris	268.5	102	93618
CGG3016666	Plantago	268.5	131	26867
CGG3016666	Portunus	268.5	554	80835
CGG3016666	Potamogeton	268.5	175	13228
CGG3016666	Puccinellia	268.5	903	13648
CGG3016666	Pycnococcus	268.5	35428	41879
CGG3016666	Sedum	268.5	143	3784
CGG3016666	Triticum	268.5	643	4564
CGG3016666	Ulva	268.5	324	3118
CGG3016666	Ulvaria	268.5	166	205401
CGG3016666	Utricularia	268.5	182	13747
CGG3016666	Zannichellia	268.5	240	27253
CGG3016666	Zostera	268.5	2583	27257
CGG3016668	Aegilops	237	562	4480
CGG3016668	Asterias	237	314	7601
CGG3016668	Bathycoccus	237	431	41874
CGG3016668	Betula	237	182	3504
CGG3016668	Biomphalaria	237	181	6525
CGG3016668	Blidingia	237	1029	63413
CGG3016668	Carex	237	2084	13398
CGG3016668	Cerastium	237	476	3579
CGG3016668	Chlamydomonas	237	408	3052
CGG3016668	Clupea	237	137	7949
CGG3016668	Contarinia	237	565	153220
CGG3016668	Cynoglossum	237	113	181188
CGG3016668	Drosophila	237	160	7215
CGG3016668	Elymus	237	627	15492
CGG3016668	Empetrum	237	128	45918
CGG3016668	Festuca	237	1050	4605
CGG3016668	Filipendula	237	514	23170
CGG3016668	Gasterosteus	237	1818	69292
CGG3016668	Halocynthia	237	17107	7728
CGG3016668	Homo	237	238	9605
CGG3016668	Honckenya	237	4195	169222
CGG3016668	Hordeum	237	963	4512
CGG3016668	Lemna	237	374	4469
CGG3016668	Leymus	237	1403	52713
CGG3016668	Lolium	237	1166	4520
CGG3016668	Luzula	237	215	46322
CGG3016668	Membranipora	237	125	95169
CGG3016668	Myriophyllum	237	4518	24952
CGG3016668	Mytilus	237	718	6548
CGG3016668	Octopus	237	382	6643
CGG3016668	Patella	237	206	6463
CGG3016668	Phasianus	237	240	9053
CGG3016668	Phegopteris	237	625	93618
CGG3016668	Plantago	237	159	26867
CGG3016668	Poa	237	218	4544
CGG3016668	Populus	237	2857	3689
CGG3016668	Portunus	237	690	80835
CGG3016668	Potamogeton	237	175	13228
CGG3016668	Priapulus	237	615	37847
CGG3016668	Pseudendoclonium	237	459	43938
CGG3016668	Puccinellia	237	2533	13648
CGG3016668	Pycnococcus	237	63441	41879
CGG3016668	Ranunculus	237	147	3445
CGG3016668	Salix	237	5294	40685
CGG3016668	Saxifraga	237	387	3798
CGG3016668	Sedum	237	168	3784
CGG3016668	Streptopus	237	181	16237
CGG3016668	Strongylocentrotus	237	993	7664
CGG3016668	Suaeda	237	107	46108
CGG3016668	Timema	237	425	61471
CGG3016668	Tripleurospermum	237	167	99107
CGG3016668	Triticum	237	1684	4564
CGG3016668	Ulva	237	19262	3118
CGG3016668	Ulvaria	237	5624	205401
CGG3016668	Utricularia	237	1056	13747
CGG3016668	Zannichellia	237	269	27253
CGG3016668	Zostera	237	11359	27257
CGG3016668	NA	237	269	NA
CGG3016670	Aegilops	206	1394	4480
CGG3016670	Aulacomya	206	183	223989
CGG3016670	Bathycoccus	206	241	41874
CGG3016670	Betula	206	271	3504
CGG3016670	Blidingia	206	1087	63413
CGG3016670	Brachypodium	206	123	15367
CGG3016670	Caltha	206	1778	3448
CGG3016670	Carex	206	612	13398
CGG3016670	Cerastium	206	506	3579
CGG3016670	Contarinia	206	1260	153220
CGG3016670	Drosera	206	387	4363
CGG3016670	Elymus	206	1007	15492
CGG3016670	Empetrum	206	148	45918
CGG3016670	Festuca	206	1802	4605
CGG3016670	Filipendula	206	657	23170
CGG3016670	Geranium	206	161	4028
CGG3016670	Helictochloa	206	182	1155210
CGG3016670	Honckenya	206	9585	169222
CGG3016670	Hordelymus	206	140	376112
CGG3016670	Hordeum	206	1232	4512
CGG3016670	Lemna	206	168	4469
CGG3016670	Leymus	206	3050	52713
CGG3016670	Limnoperna	206	101	356392
CGG3016670	Lolium	206	1475	4520
CGG3016670	Lumbricus	206	801	6397
CGG3016670	Luzula	206	247	46322
CGG3016670	Membranipora	206	540	95169
CGG3016670	Myriophyllum	206	7394	24952
CGG3016670	Mytilus	206	1826	6548
CGG3016670	Patella	206	203	6463
CGG3016670	Phasianus	206	434	9053
CGG3016670	Phegopteris	206	213	93618
CGG3016670	Plantago	206	222	26867
CGG3016670	Poa	206	167	4544
CGG3016670	Portunus	206	669	80835
CGG3016670	Priapulus	206	944	37847
CGG3016670	Pseudendoclonium	206	252	43938
CGG3016670	Puccinellia	206	2224	13648
CGG3016670	Pycnococcus	206	78869	41879
CGG3016670	Ranunculus	206	322	3445
CGG3016670	Salix	206	2116	40685
CGG3016670	Saxifraga	206	300	3798
CGG3016670	Strongylocentrotus	206	143	7664
CGG3016670	Suaeda	206	212	46108
CGG3016670	Timema	206	269	61471
CGG3016670	Tripleurospermum	206	103	99107
CGG3016670	Triticum	206	1691	4564
CGG3016670	Ulva	206	46427	3118
CGG3016670	Ulvaria	206	5924	205401
CGG3016670	Utricularia	206	271	13747
CGG3016670	Wilhelmsia	206	136	270379
CGG3016670	Zannichellia	206	379	27253
CGG3016670	Zostera	206	8325	27257
CGG3017392	Acer	2018	229	4022
CGG3017392	Ammi	2018	1289	48025
CGG3017392	Balticola	2018	405	1328802
CGG3017392	Callitriche	2018	6971	13380
CGG3017392	Carex	2018	322	13398
CGG3017392	Ceratophyllum	2018	31232	4427
CGG3017392	Cyprideis	2018	116	163713
CGG3017392	Darwinula	2018	4154	69354
CGG3017392	Elaeis	2018	356	51952
CGG3017392	Elatine	2018	23311	125026
CGG3017392	Gasterosteus	2018	176	69292
CGG3017392	Heterocypris	2018	339	84330
CGG3017392	Hippuris	2018	2785	39200
CGG3017392	Hordeum	2018	261	4512
CGG3017392	Lemna	2018	9209	4469
CGG3017392	Lolium	2018	231	4520
CGG3017392	Malus	2018	260	3749
CGG3017392	Matricaria	2018	836	56016
CGG3017392	Myosotis	2018	2378	192333
CGG3017392	Myriophyllum	2018	69231	24952
CGG3017392	Notodromas	2018	479	399044
CGG3017392	Phasianus	2018	10422	9053
CGG3017392	Pinguicula	2018	892	4197
CGG3017392	Populus	2018	457	3689
CGG3017392	Potamogeton	2018	4897	13228
CGG3017392	Potentilla	2018	138	23204
CGG3017392	Priapulus	2018	469	37847
CGG3017392	Pyrus	2018	107	3766
CGG3017392	Rhodiola	2018	108	202994
CGG3017392	Rosa	2018	770	3764
CGG3017392	Sagina	2018	199	230723
CGG3017392	Salix	2018	1030	40685
CGG3017392	Sarscypridopsis	2018	240	2853942
CGG3017392	Saxifraga	2018	402	3798
CGG3017392	Spirogyra	2018	267	3179
CGG3017392	Struthiopteris	2018	359	1813958
CGG3017392	Stuckenia	2018	47904	246706
CGG3017392	Triticum	2018	270	4564
CGG3017392	Utricularia	2018	3100	13747
CGG3017392	Zannichellia	2018	109775	27253
CGG3017392	NA	2018	107	NA
CGG3017396	Acer	2008	233	4022
CGG3017396	Ammi	2008	547	48025
CGG3017396	Anas	2008	536	8835
CGG3017396	Balticola	2008	517	1328802
CGG3017396	Callitriche	2008	1357	13380
CGG3017396	Carex	2008	413	13398
CGG3017396	Ceratophyllum	2008	12818	4427
CGG3017396	Chironomus	2008	389	7150
CGG3017396	Chlorella	2008	152	3071
CGG3017396	Cyprideis	2008	293	163713
CGG3017396	Darwinula	2008	5178	69354
CGG3017396	Elaeis	2008	229	51952
CGG3017396	Elatine	2008	9831	125026
CGG3017396	Eucypris	2008	667	97516
CGG3017396	Festuca	2008	222	4605
CGG3017396	Galium	2008	656	25168
CGG3017396	Gasterosteus	2008	101	69292
CGG3017396	Heterocypris	2008	7995	84330
CGG3017396	Hippuris	2008	1214	39200
CGG3017396	Lemna	2008	5597	4469
CGG3017396	Lolium	2008	372	4520
CGG3017396	Myriophyllum	2008	32010	24952
CGG3017396	Phasianus	2008	14559	9053
CGG3017396	Pinguicula	2008	690	4197
CGG3017396	Polygonum	2008	4274	46786
CGG3017396	Populus	2008	37378	3689
CGG3017396	Potamogeton	2008	2062	13228
CGG3017396	Potentilla	2008	272	23204
CGG3017396	Priapulus	2008	1475	37847
CGG3017396	Pyrus	2008	133	3766
CGG3017396	Rhodiola	2008	103	202994
CGG3017396	Rosa	2008	1605	3764
CGG3017396	Sagina	2008	180	230723
CGG3017396	Salix	2008	1515	40685
CGG3017396	Sarscypridopsis	2008	266	2853942
CGG3017396	Spirogyra	2008	663	3179
CGG3017396	Stuckenia	2008	22678	246706
CGG3017396	Trifolium	2008	131	3898
CGG3017396	Triticum	2008	176	4564
CGG3017396	Utricularia	2008	842	13747
CGG3017396	Zannichellia	2008	126331	27253
CGG3017399	Acer	1990	143	4022
CGG3017399	Aegilops	1990	131	4480
CGG3017399	Anas	1990	857	8835
CGG3017399	Balticola	1990	1352	1328802
CGG3017399	Brachionus	1990	153	10194
CGG3017399	Carex	1990	185	13398
CGG3017399	Ceratophyllum	1990	580	4427
CGG3017399	Chironomus	1990	305	7150
CGG3017399	Chlamydomonas	1990	539	3052
CGG3017399	Chlorella	1990	193	3071
CGG3017399	Darwinula	1990	491	69354
CGG3017399	Elatine	1990	817	125026
CGG3017399	Eucypris	1990	2675	97516
CGG3017399	Festuca	1990	197	4605
CGG3017399	Heterocypris	1990	5675	84330
CGG3017399	Hordeum	1990	131	4512
CGG3017399	Lemna	1990	4215	4469
CGG3017399	Lolium	1990	225	4520
CGG3017399	Malus	1990	153	3749
CGG3017399	Myriophyllum	1990	2964	24952
CGG3017399	Phasianus	1990	6925	9053
CGG3017399	Pinguicula	1990	276	4197
CGG3017399	Potamogeton	1990	50103	13228
CGG3017399	Sagina	1990	164	230723
CGG3017399	Salix	1990	147	40685
CGG3017399	Sarscypridopsis	1990	978	2853942
CGG3017399	Spirogyra	1990	341	3179
CGG3017399	Stephanosphaera	1990	902	51711
CGG3017399	Streptopus	1990	103	16237
CGG3017399	Stuckenia	1990	3755	246706
CGG3017399	Triticum	1990	191	4564
CGG3017399	Utricularia	1990	120	13747
CGG3017399	Zannichellia	1990	64013	27253
CGG3017399	NA	1990	124	NA
CGG3017402	Aegilops	1969	106	4480
CGG3017402	Agrostis	1969	187	15297
CGG3017402	Anas	1969	4704	8835
CGG3017402	Anemone	1969	156	22868
CGG3017402	Balticola	1969	26361	1328802
CGG3017402	Brachionus	1969	488	10194
CGG3017402	Callitriche	1969	3264	13380
CGG3017402	Carex	1969	401	13398
CGG3017402	Ceratophyllum	1969	427	4427
CGG3017402	Chironomus	1969	245	7150
CGG3017402	Chlorella	1969	208	3071
CGG3017402	Clupea	1969	872	7949
CGG3017402	Cornus	1969	119	4281
CGG3017402	Elatine	1969	161	125026
CGG3017402	Festuca	1969	424	4605
CGG3017402	Gadus	1969	1627	8048
CGG3017402	Gasterosteus	1969	499	69292
CGG3017402	Heterocypris	1969	4082	84330
CGG3017402	Hordeum	1969	132	4512
CGG3017402	Lemna	1969	21820	4469
CGG3017402	Lolium	1969	409	4520
CGG3017402	Malus	1969	297	3749
CGG3017402	Menyanthes	1969	2133	24581
CGG3017402	Myriophyllum	1969	3127	24952
CGG3017402	Notodromas	1969	131	399044
CGG3017402	Phasianus	1969	2001	9053
CGG3017402	Poa	1969	172	4544
CGG3017402	Polygonum	1969	211	46786
CGG3017402	Potamogeton	1969	692	13228
CGG3017402	Salix	1969	108	40685
CGG3017402	Sarscypridopsis	1969	1622	2853942
CGG3017402	Solanum	1969	143	4107
CGG3017402	Spirogyra	1969	1946	3179
CGG3017402	Stephanosphaera	1969	11573	51711
CGG3017402	Stuckenia	1969	22997	246706
CGG3017402	Tetradesmus	1969	177	91192
CGG3017402	Theobroma	1969	2395	3640
CGG3017402	Triticum	1969	285	4564
CGG3017402	Trollius	1969	102	39245
CGG3017402	Utricularia	1969	376	13747
CGG3017402	Zannichellia	1969	52805	27253
CGG3017402	NA	1969	266	NA
CGG3017405	Aegilops	1959.5	170	4480
CGG3017405	Agrostis	1959.5	1030	15297
CGG3017405	Ambrosia	1959.5	3307	4211
CGG3017405	Anas	1959.5	824	8835
CGG3017405	Arrhenatherum	1959.5	127	52138
CGG3017405	Avena	1959.5	138	4496
CGG3017405	Brachionus	1959.5	504	10194
CGG3017405	Bromus	1959.5	159	4501
CGG3017405	Calamagrostis	1959.5	135	15376
CGG3017405	Callitriche	1959.5	397	13380
CGG3017405	Campanula	1959.5	551	40568
CGG3017405	Carex	1959.5	1044	13398
CGG3017405	Ceratophyllum	1959.5	166	4427
CGG3017405	Chironomus	1959.5	346	7150
CGG3017405	Chlamydomonas	1959.5	414	3052
CGG3017405	Chlorella	1959.5	243	3071
CGG3017405	Clupea	1959.5	148	7949
CGG3017405	Cota	1959.5	104	282214
CGG3017405	Cyprideis	1959.5	210	163713
CGG3017405	Cyprinotus	1959.5	354	1620906
CGG3017405	Deschampsia	1959.5	212	15452
CGG3017405	Elatine	1959.5	747	125026
CGG3017405	Festuca	1959.5	2637	4605
CGG3017405	Filipendula	1959.5	260	23170
CGG3017405	Gadus	1959.5	2464	8048
CGG3017405	Galium	1959.5	141	25168
CGG3017405	Gasterosteus	1959.5	2240	69292
CGG3017405	Heterocypris	1959.5	9660	84330
CGG3017405	Hordeum	1959.5	219	4512
CGG3017405	Keratella	1959.5	315	204737
CGG3017405	Lemna	1959.5	23739	4469
CGG3017405	Lolium	1959.5	1056	4520
CGG3017405	Luzula	1959.5	859	46322
CGG3017405	Malus	1959.5	255	3749
CGG3017405	Menyanthes	1959.5	1366	24581
CGG3017405	Mychonastes	1959.5	1015	91354
CGG3017405	Myosotis	1959.5	260	192333
CGG3017405	Myriophyllum	1959.5	2944	24952
CGG3017405	Ovis	1959.5	171	9935
CGG3017405	Phasianus	1959.5	1361	9053
CGG3017405	Pinguicula	1959.5	370	4197
CGG3017405	Poa	1959.5	594	4544
CGG3017405	Polygonum	1959.5	163	46786
CGG3017405	Potamogeton	1959.5	3741	13228
CGG3017405	Potentilla	1959.5	301	23204
CGG3017405	Pseudopediastrum	1959.5	131	427904
CGG3017405	Pyrus	1959.5	175	3766
CGG3017405	Saccoglossus	1959.5	130	10222
CGG3017405	Salix	1959.5	290	40685
CGG3017405	Sarscypridopsis	1959.5	2975	2853942
CGG3017405	Sebastes	1959.5	1522	34820
CGG3017405	Solanum	1959.5	341	4107
CGG3017405	Spirogyra	1959.5	239	3179
CGG3017405	Stellaria	1959.5	671	13273
CGG3017405	Stuckenia	1959.5	97169	246706
CGG3017405	Tetradesmus	1959.5	2454	91192
CGG3017405	Theobroma	1959.5	2313	3640
CGG3017405	Thymus	1959.5	533	49990
CGG3017405	Trifolium	1959.5	147	3898
CGG3017405	Triticum	1959.5	541	4564
CGG3017405	Utricularia	1959.5	1056	13747
CGG3017405	Vaccinium	1959.5	123	13749
CGG3017405	Zannichellia	1959.5	95251	27253
CGG3017405	NA	1959.5	137	NA
CGG3017408	Aegilops	1950	765	4480
CGG3017408	Aegopodium	1950	174	40898
CGG3017408	Agrostis	1950	67377	15297
CGG3017408	Allium	1950	120	4678
CGG3017408	Alopecurus	1950	263	15303
CGG3017408	Ambrosia	1950	486	4211
CGG3017408	Anas	1950	938	8835
CGG3017408	Anthoxanthum	1950	130	15324
CGG3017408	Arrhenatherum	1950	119	52138
CGG3017408	Auxenochlorella	1950	188	191392
CGG3017408	Avena	1950	196	4496
CGG3017408	Avenella	1950	213	391960
CGG3017408	Brachionus	1950	612	10194
CGG3017408	Brachypodium	1950	459	15367
CGG3017408	Brassica	1950	102	3705
CGG3017408	Bromus	1950	120	4501
CGG3017408	Calamagrostis	1950	2110	15376
CGG3017408	Callitriche	1950	591	13380
CGG3017408	Campanula	1950	207	40568
CGG3017408	Carex	1950	30794	13398
CGG3017408	Ceratophyllum	1950	880	4427
CGG3017408	Chironomus	1950	275	7150
CGG3017408	Chlamydomonas	1950	446	3052
CGG3017408	Chlorella	1950	227	3071
CGG3017408	Chrissia	1950	201	1620904
CGG3017408	Clupea	1950	475	7949
CGG3017408	Cota	1950	592	282214
CGG3017408	Cyprideis	1950	292	163713
CGG3017408	Cyprinotus	1950	126	1620906
CGG3017408	Deschampsia	1950	580	15452
CGG3017408	Draba	1950	342	87301
CGG3017408	Drosera	1950	185	4363
CGG3017408	Elatine	1950	1673	125026
CGG3017408	Equisetum	1950	659	3257
CGG3017408	Eriophorum	1950	462	46326
CGG3017408	Festuca	1950	5948	4605
CGG3017408	Filipendula	1950	87607	23170
CGG3017408	Gadus	1950	3021	8048
CGG3017408	Galium	1950	167	25168
CGG3017408	Gasterosteus	1950	1586	69292
CGG3017408	Gentiana	1950	283	21496
CGG3017408	Gieysztoria	1950	4036	996471
CGG3017408	Helictochloa	1950	125	1155210
CGG3017408	Heterocypris	1950	20898	84330
CGG3017408	Hippuris	1950	127	39200
CGG3017408	Hordeum	1950	435	4512
CGG3017408	Keratella	1950	254	204737
CGG3017408	Lathyrus	1950	516	3853
CGG3017408	Lemna	1950	58761	4469
CGG3017408	Lolium	1950	5090	4520
CGG3017408	Lumbricus	1950	110	6397
CGG3017408	Luzula	1950	14406	46322
CGG3017408	Malus	1950	623	3749
CGG3017408	Matricaria	1950	130	56016
CGG3017408	Menyanthes	1950	466	24581
CGG3017408	Mychonastes	1950	1355	91354
CGG3017408	Myosotis	1950	292	192333
CGG3017408	Myriophyllum	1950	12254	24952
CGG3017408	Ovis	1950	512	9935
CGG3017408	Phasianus	1950	1060	9053
CGG3017408	Pinguicula	1950	412	4197
CGG3017408	Poa	1950	4470	4544
CGG3017408	Polygonum	1950	115	46786
CGG3017408	Populus	1950	5380	3689
CGG3017408	Potamogeton	1950	12580	13228
CGG3017408	Potentilla	1950	665	23204
CGG3017408	Pseudopediastrum	1950	129	427904
CGG3017408	Pycnococcus	1950	263	41879
CGG3017408	Pyrus	1950	610	3766
CGG3017408	Salix	1950	11390	40685
CGG3017408	Sarscypridopsis	1950	5737	2853942
CGG3017408	Saxifraga	1950	214	3798
CGG3017408	Scutellaria	1950	337	4139
CGG3017408	Sebastes	1950	3101	34820
CGG3017408	Silene	1950	127	3573
CGG3017408	Solanum	1950	389	4107
CGG3017408	Sorbus	1950	132	23222
CGG3017408	Spirogyra	1950	380	3179
CGG3017408	Stellaria	1950	287	13273
CGG3017408	Stuckenia	1950	562042	246706
CGG3017408	Tetradesmus	1950	2555	91192
CGG3017408	Theobroma	1950	2958	3640
CGG3017408	Thymus	1950	676	49990
CGG3017408	Triticum	1950	2062	4564
CGG3017408	Utricularia	1950	1681	13747
CGG3017408	Vaccinium	1950	27225	13749
CGG3017408	Zannichellia	1950	241963	27253
CGG3017408	NA	1950	222	NA
CGG3017411	Aegilops	1942	203	4480
CGG3017411	Agrostis	1942	1262	15297
CGG3017411	Allium	1942	122	4678
CGG3017411	Ambrosia	1942	166	4211
CGG3017411	Anas	1942	772	8835
CGG3017411	Angelica	1942	160	40948
CGG3017411	Arrhenatherum	1942	191	52138
CGG3017411	Auxenochlorella	1942	111	191392
CGG3017411	Avena	1942	199	4496
CGG3017411	Bos	1942	148	9903
CGG3017411	Brachionus	1942	2075	10194
CGG3017411	Brassica	1942	136	3705
CGG3017411	Bromus	1942	184	4501
CGG3017411	Calamagrostis	1942	139	15376
CGG3017411	Callitriche	1942	761	13380
CGG3017411	Camellia	1942	485	4441
CGG3017411	Campanula	1942	105	40568
CGG3017411	Carex	1942	2017	13398
CGG3017411	Ceratophyllum	1942	827	4427
CGG3017411	Chironomus	1942	288	7150
CGG3017411	Chlamydomonas	1942	678	3052
CGG3017411	Chlorella	1942	296	3071
CGG3017411	Clupea	1942	697	7949
CGG3017411	Cota	1942	321	282214
CGG3017411	Cyprideis	1942	657	163713
CGG3017411	Dactylis	1942	162	4508
CGG3017411	Deschampsia	1942	227	15452
CGG3017411	Draba	1942	179	87301
CGG3017411	Drosera	1942	179	4363
CGG3017411	Elatine	1942	1566	125026
CGG3017411	Eleocharis	1942	312	46324
CGG3017411	Eriophorum	1942	613	46326
CGG3017411	Festuca	1942	7696	4605
CGG3017411	Filipendula	1942	187	23170
CGG3017411	Gadus	1942	4112	8048
CGG3017411	Galium	1942	188	25168
CGG3017411	Gasterosteus	1942	5923	69292
CGG3017411	Glyceria	1942	135	37871
CGG3017411	Heterocypris	1942	13823	84330
CGG3017411	Hippuris	1942	145	39200
CGG3017411	Hordeum	1942	259	4512
CGG3017411	Keratella	1942	516	204737
CGG3017411	Lathyrus	1942	150	3853
CGG3017411	Lemna	1942	46447	4469
CGG3017411	Lolium	1942	1492	4520
CGG3017411	Lumbricus	1942	145	6397
CGG3017411	Luzula	1942	561	46322
CGG3017411	Malus	1942	158	3749
CGG3017411	Menyanthes	1942	808	24581
CGG3017411	Mychonastes	1942	1293	91354
CGG3017411	Myosotis	1942	220	192333
CGG3017411	Myriophyllum	1942	4530	24952
CGG3017411	Notodromas	1942	121	399044
CGG3017411	Oreojuncus	1942	323	1674043
CGG3017411	Ovis	1942	798	9935
CGG3017411	Phasianus	1942	1389	9053
CGG3017411	Phegopteris	1942	180	93618
CGG3017411	Pinguicula	1942	500	4197
CGG3017411	Plantago	1942	101	26867
CGG3017411	Poa	1942	1097	4544
CGG3017411	Polygonum	1942	211	46786
CGG3017411	Potamogeton	1942	5410	13228
CGG3017411	Potentilla	1942	120	23204
CGG3017411	Pseudopediastrum	1942	183	427904
CGG3017411	Pycnococcus	1942	706	41879
CGG3017411	Ranunculus	1942	190	3445
CGG3017411	Rumex	1942	10802	3618
CGG3017411	Sagina	1942	127	230723
CGG3017411	Salix	1942	2588	40685
CGG3017411	Sarscypridopsis	1942	5745	2853942
CGG3017411	Sebastes	1942	2503	34820
CGG3017411	Solanum	1942	418	4107
CGG3017411	Spirogyra	1942	317	3179
CGG3017411	Stuckenia	1942	237443	246706
CGG3017411	Sus	1942	102	9822
CGG3017411	Tetradesmus	1942	2796	91192
CGG3017411	Theobroma	1942	1708	3640
CGG3017411	Thymus	1942	821	49990
CGG3017411	Triticum	1942	829	4564
CGG3017411	Utricularia	1942	2320	13747
CGG3017411	Vaccinium	1942	2120	13749
CGG3017411	Veronica	1942	257	4173
CGG3017411	Zannichellia	1942	171632	27253
CGG3017411	NA	1942	403	NA
CGG3017414	Agrostis	1930	1708	15297
CGG3017414	Alchemilla	1930	279	23138
CGG3017414	Allium	1930	133	4678
CGG3017414	Alopecurus	1930	110	15303
CGG3017414	Ambrosia	1930	6673	4211
CGG3017414	Angelica	1930	486	40948
CGG3017414	Antennaria	1930	474	41475
CGG3017414	Arrhenatherum	1930	111	52138
CGG3017414	Auxenochlorella	1930	265	191392
CGG3017414	Avena	1930	189	4496
CGG3017414	Avenella	1930	142	391960
CGG3017414	Balticola	1930	383	1328802
CGG3017414	Betula	1930	210	3504
CGG3017414	Bistorta	1930	246	137670
CGG3017414	Bos	1930	118	9903
CGG3017414	Bromus	1930	253	4501
CGG3017414	Callitriche	1930	327	13380
CGG3017414	Caltha	1930	1140	3448
CGG3017414	Carex	1930	4272	13398
CGG3017414	Chlamydomonas	1930	203	3052
CGG3017414	Chrissia	1930	5229	1620904
CGG3017414	Clupea	1930	1590	7949
CGG3017414	Corylus	1930	131	13450
CGG3017414	Cota	1930	354	282214
CGG3017414	Cyprideis	1930	138	163713
CGG3017414	Deschampsia	1930	151	15452
CGG3017414	Desmodesmus	1930	169	91202
CGG3017414	Drosera	1930	2182	4363
CGG3017414	Elatine	1930	772	125026
CGG3017414	Eleocharis	1930	159	46324
CGG3017414	Epilobium	1930	110	13054
CGG3017414	Equisetum	1930	122	3257
CGG3017414	Eriophorum	1930	222	46326
CGG3017414	Festuca	1930	7868	4605
CGG3017414	Filipendula	1930	442	23170
CGG3017414	Gadus	1930	2040	8048
CGG3017414	Galium	1930	210	25168
CGG3017414	Gasterosteus	1930	147	69292
CGG3017414	Gentiana	1930	118	21496
CGG3017414	Helictochloa	1930	330	1155210
CGG3017414	Heterocypris	1930	4140	84330
CGG3017414	Hippuris	1930	149	39200
CGG3017414	Hordeum	1930	427	4512
CGG3017414	Juglans	1930	219	16718
CGG3017414	Lathyrus	1930	172	3853
CGG3017414	Lemna	1930	102569	4469
CGG3017414	Ligusticum	1930	114	49551
CGG3017414	Lolium	1930	1295	4520
CGG3017414	Lumbricus	1930	194	6397
CGG3017414	Menyanthes	1930	3925	24581
CGG3017414	Myosotis	1930	106	192333
CGG3017414	Myriophyllum	1930	57999	24952
CGG3017414	Ovis	1930	682	9935
CGG3017414	Parnassia	1930	115	3796
CGG3017414	Phalaris	1930	280	15740
CGG3017414	Phasianus	1930	718	9053
CGG3017414	Phegopteris	1930	17843	93618
CGG3017414	Pinguicula	1930	730	4197
CGG3017414	Poa	1930	1011	4544
CGG3017414	Polygonum	1930	311	46786
CGG3017414	Potamogeton	1930	5920	13228
CGG3017414	Potentilla	1930	380	23204
CGG3017414	Pseudopediastrum	1930	587	427904
CGG3017414	Saccoglossus	1930	185	10222
CGG3017414	Salix	1930	1161	40685
CGG3017414	Sarscypridopsis	1930	13287	2853942
CGG3017414	Saxifraga	1930	746	3798
CGG3017414	Sebastes	1930	118	34820
CGG3017414	Stuckenia	1930	188988	246706
CGG3017414	Tetradesmus	1930	3763	91192
CGG3017414	Theobroma	1930	408	3640
CGG3017414	Thymus	1930	1163	49990
CGG3017414	Triticum	1930	553	4564
CGG3017414	Utricularia	1930	3285	13747
CGG3017414	Vaccinium	1930	2779	13749
CGG3017414	Veratrum	1930	732	50241
CGG3017414	Zannichellia	1930	125574	27253
CGG3017414	NA	1930	257	NA
CGG3017417	Aegilops	1921	289	4480
CGG3017417	Agrostis	1921	3676	15297
CGG3017417	Alchemilla	1921	283	23138
CGG3017417	Alopecurus	1921	187	15303
CGG3017417	Ambrosia	1921	6398	4211
CGG3017417	Anas	1921	122	8835
CGG3017417	Angelica	1921	130	40948
CGG3017417	Antennaria	1921	108	41475
CGG3017417	Arrhenatherum	1921	217	52138
CGG3017417	Auxenochlorella	1921	601	191392
CGG3017417	Avena	1921	279	4496
CGG3017417	Betula	1921	356	3504
CGG3017417	Bistorta	1921	144	137670
CGG3017417	Bos	1921	329	9903
CGG3017417	Brachionus	1921	441	10194
CGG3017417	Bradleycypris	1921	283	1612455
CGG3017417	Bromus	1921	144	4501
CGG3017417	Calamagrostis	1921	533	15376
CGG3017417	Callitriche	1921	149	13380
CGG3017417	Caltha	1921	3336	3448
CGG3017417	Camellia	1921	163	4441
CGG3017417	Carduus	1921	107	92905
CGG3017417	Carex	1921	7541	13398
CGG3017417	Ceratophyllum	1921	188	4427
CGG3017417	Chironomus	1921	255	7150
CGG3017417	Chlamydomonas	1921	184	3052
CGG3017417	Chlorella	1921	117	3071
CGG3017417	Chrissia	1921	11472	1620904
CGG3017417	Clupea	1921	4097	7949
CGG3017417	Corylus	1921	116	13450
CGG3017417	Cota	1921	431	282214
CGG3017417	Cyprideis	1921	252	163713
CGG3017417	Deschampsia	1921	287	15452
CGG3017417	Desmodesmus	1921	292	91202
CGG3017417	Drosera	1921	1531	4363
CGG3017417	Dryas	1921	107	48230
CGG3017417	Elatine	1921	1439	125026
CGG3017417	Eleocharis	1921	166	46324
CGG3017417	Empetrum	1921	135	45918
CGG3017417	Epilobium	1921	222	13054
CGG3017417	Equisetum	1921	1793	3257
CGG3017417	Eriophorum	1921	371	46326
CGG3017417	Eucypris	1921	241	97516
CGG3017417	Festuca	1921	12064	4605
CGG3017417	Filipendula	1921	1395	23170
CGG3017417	Fragaria	1921	153	3746
CGG3017417	Gadus	1921	3000	8048
CGG3017417	Galium	1921	465	25168
CGG3017417	Gasterosteus	1921	446	69292
CGG3017417	Gentiana	1921	134	21496
CGG3017417	Gieysztoria	1921	4234	996471
CGG3017417	Hammarbya	1921	129	1155242
CGG3017417	Helictochloa	1921	427	1155210
CGG3017417	Hordeum	1921	636	4512
CGG3017417	Juglans	1921	307	16718
CGG3017417	Juncus	1921	179	13578
CGG3017417	Lathyrus	1921	183	3853
CGG3017417	Lemna	1921	217422	4469
CGG3017417	Lolium	1921	2022	4520
CGG3017417	Lumbricus	1921	126	6397
CGG3017417	Luzula	1921	691	46322
CGG3017417	Menyanthes	1921	942	24581
CGG3017417	Minuartia	1921	146	258339
CGG3017417	Myosotis	1921	277	192333
CGG3017417	Myriophyllum	1921	34481	24952
CGG3017417	Ovis	1921	1014	9935
CGG3017417	Phasianus	1921	1068	9053
CGG3017417	Phegopteris	1921	6013	93618
CGG3017417	Pinguicula	1921	1517	4197
CGG3017417	Poa	1921	1106	4544
CGG3017417	Polygonum	1921	453	46786
CGG3017417	Potamogeton	1921	7207	13228
CGG3017417	Potentilla	1921	456	23204
CGG3017417	Pseudopediastrum	1921	705	427904
CGG3017417	Ranunculus	1921	142	3445
CGG3017417	Rumex	1921	188	3618
CGG3017417	Saccoglossus	1921	108	10222
CGG3017417	Salix	1921	650	40685
CGG3017417	Sarscypridopsis	1921	28744	2853942
CGG3017417	Saxifraga	1921	619	3798
CGG3017417	Scorzoneroides	1921	101	673751
CGG3017417	Scutellaria	1921	110	4139
CGG3017417	Solanum	1921	182	4107
CGG3017417	Stellaria	1921	131	13273
CGG3017417	Stuckenia	1921	180911	246706
CGG3017417	Tetradesmus	1921	5085	91192
CGG3017417	Theobroma	1921	507	3640
CGG3017417	Thymus	1921	3023	49990
CGG3017417	Triticum	1921	700	4564
CGG3017417	Utricularia	1921	6517	13747
CGG3017417	Vaccinium	1921	3283	13749
CGG3017417	Veratrum	1921	204	50241
CGG3017417	Zannichellia	1921	245852	27253
CGG3017417	NA	1921	472	NA
CGG3017420	Aegilops	1908	551	4480
CGG3017420	Agrostis	1908	29547	15297
CGG3017420	Alchemilla	1908	607	23138
CGG3017420	Allium	1908	650	4678
CGG3017420	Alopecurus	1908	3495	15303
CGG3017420	Ambrosia	1908	9713	4211
CGG3017420	Anas	1908	930	8835
CGG3017420	Anemone	1908	240	22868
CGG3017420	Angelica	1908	1563	40948
CGG3017420	Antennaria	1908	1307	41475
CGG3017420	Anthoxanthum	1908	145	15324
CGG3017420	Armeria	1908	324	63086
CGG3017420	Arrhenatherum	1908	203	52138
CGG3017420	Auxenochlorella	1908	298	191392
CGG3017420	Avena	1908	507	4496
CGG3017420	Avenella	1908	570	391960
CGG3017420	Aythya	1908	637	30384
CGG3017420	Betula	1908	3047	3504
CGG3017420	Bison	1908	225	9900
CGG3017420	Bistorta	1908	2604	137670
CGG3017420	Bos	1908	459	9903
CGG3017420	Brachypodium	1908	199	15367
CGG3017420	Bradleycypris	1908	107	1612455
CGG3017420	Brassica	1908	3536	3705
CGG3017420	Bromus	1908	1146	4501
CGG3017420	Calamagrostis	1908	1668	15376
CGG3017420	Callitriche	1908	1156	13380
CGG3017420	Caltha	1908	10625	3448
CGG3017420	Camellia	1908	172	4441
CGG3017420	Campanula	1908	292	40568
CGG3017420	Capsella	1908	4442	3718
CGG3017420	Carduus	1908	160	92905
CGG3017420	Carex	1908	30610	13398
CGG3017420	Carpinus	1908	470	12989
CGG3017420	Catabrosa	1908	4607	368337
CGG3017420	Cerastium	1908	140	3579
CGG3017420	Ceratophyllum	1908	601	4427
CGG3017420	Chironomus	1908	261	7150
CGG3017420	Chlamydomonas	1908	315	3052
CGG3017420	Chlorella	1908	381	3071
CGG3017420	Chrissia	1908	4396	1620904
CGG3017420	Clupea	1908	526	7949
CGG3017420	Corylus	1908	1567	13450
CGG3017420	Cota	1908	618	282214
CGG3017420	Cyprideis	1908	134	163713
CGG3017420	Dactylis	1908	392	4508
CGG3017420	Deschampsia	1908	1848	15452
CGG3017420	Desmodesmus	1908	587	91202
CGG3017420	Draba	1908	167	87301
CGG3017420	Drosera	1908	10780	4363
CGG3017420	Elatine	1908	2040	125026
CGG3017420	Eleocharis	1908	1934	46324
CGG3017420	Elymus	1908	616	15492
CGG3017420	Empetrum	1908	191	45918
CGG3017420	Equisetum	1908	4564	3257
CGG3017420	Equus	1908	110	9789
CGG3017420	Eriophorum	1908	1068	46326
CGG3017420	Festuca	1908	35138	4605
CGG3017420	Filipendula	1908	1086	23170
CGG3017420	Fragaria	1908	284	3746
CGG3017420	Gadus	1908	2826	8048
CGG3017420	Galium	1908	666	25168
CGG3017420	Gasterosteus	1908	1104	69292
CGG3017420	Gentiana	1908	969	21496
CGG3017420	Gieysztoria	1908	3315	996471
CGG3017420	Glyceria	1908	185	37871
CGG3017420	Hammarbya	1908	124	1155242
CGG3017420	Helictochloa	1908	1296	1155210
CGG3017420	Hippuris	1908	151	39200
CGG3017420	Hordeum	1908	2464	4512
CGG3017420	Isoetes	1908	369	13838
CGG3017420	Juglans	1908	171	16718
CGG3017420	Juncus	1908	446	13578
CGG3017420	Lathyrus	1908	331	3853
CGG3017420	Lemna	1908	98558	4469
CGG3017420	Ligusticum	1908	271	49551
CGG3017420	Lolium	1908	5838	4520
CGG3017420	Lumbricus	1908	685	6397
CGG3017420	Luzula	1908	2144	46322
CGG3017420	Malus	1908	194	3749
CGG3017420	Menyanthes	1908	3820	24581
CGG3017420	Micranthes	1908	101	759618
CGG3017420	Minuartia	1908	108	258339
CGG3017420	Myosotis	1908	578	192333
CGG3017420	Myriophyllum	1908	224508	24952
CGG3017420	Oreojuncus	1908	320	1674043
CGG3017420	Ovis	1908	2734	9935
CGG3017420	Phalaris	1908	137	15740
CGG3017420	Phasianus	1908	958	9053
CGG3017420	Phegopteris	1908	22820	93618
CGG3017420	Pinguicula	1908	1998	4197
CGG3017420	Plantago	1908	253	26867
CGG3017420	Poa	1908	8469	4544
CGG3017420	Polygonum	1908	4472	46786
CGG3017420	Populus	1908	118	3689
CGG3017420	Potamogeton	1908	28007	13228
CGG3017420	Potentilla	1908	2558	23204
CGG3017420	Prunus	1908	215	3754
CGG3017420	Pseudopediastrum	1908	3467	427904
CGG3017420	Puccinellia	1908	304	13648
CGG3017420	Ranunculus	1908	3533	3445
CGG3017420	Rhinanthus	1908	175	46059
CGG3017420	Rumex	1908	6716	3618
CGG3017420	Saccoglossus	1908	161	10222
CGG3017420	Sagina	1908	185	230723
CGG3017420	Salix	1908	27894	40685
CGG3017420	Sarscypridopsis	1908	12033	2853942
CGG3017420	Saxifraga	1908	911	3798
CGG3017420	Scorzoneroides	1908	168	673751
CGG3017420	Silene	1908	161	3573
CGG3017420	Solanum	1908	4946	4107
CGG3017420	Sorbus	1908	356	23222
CGG3017420	Spirogyra	1908	307	3179
CGG3017420	Stellaria	1908	1128	13273
CGG3017420	Stuckenia	1908	534500	246706
CGG3017420	Thymus	1908	1542	49990
CGG3017420	Trifolium	1908	133	3898
CGG3017420	Tripleurospermum	1908	288	99107
CGG3017420	Triticum	1908	1530	4564
CGG3017420	Trollius	1908	126	39245
CGG3017420	Utricularia	1908	8342	13747
CGG3017420	Vaccinium	1908	2783	13749
CGG3017420	Veratrum	1908	1920	50241
CGG3017420	Viola	1908	271	13757
CGG3017420	Zannichellia	1908	160812	27253
CGG3017420	NA	1908	813	NA
CGG3017423	Aegilops	1890	205	4480
CGG3017423	Agrostis	1890	7046	15297
CGG3017423	Alchemilla	1890	585	23138
CGG3017423	Allium	1890	951	4678
CGG3017423	Alnus	1890	231	3515
CGG3017423	Alopecurus	1890	1448	15303
CGG3017423	Ambrosia	1890	3621	4211
CGG3017423	Anemone	1890	3288	22868
CGG3017423	Angelica	1890	5527	40948
CGG3017423	Antennaria	1890	2332	41475
CGG3017423	Armeria	1890	488	63086
CGG3017423	Auxenochlorella	1890	309	191392
CGG3017423	Avenella	1890	161	391960
CGG3017423	Betula	1890	597	3504
CGG3017423	Bison	1890	342	9900
CGG3017423	Bistorta	1890	3514	137670
CGG3017423	Bos	1890	287	9903
CGG3017423	Brachionus	1890	323	10194
CGG3017423	Brassica	1890	3331	3705
CGG3017423	Bromus	1890	566	4501
CGG3017423	Calamagrostis	1890	2036	15376
CGG3017423	Callitriche	1890	18877	13380
CGG3017423	Caltha	1890	46819	3448
CGG3017423	Campanula	1890	881	40568
CGG3017423	Capsella	1890	1788	3718
CGG3017423	Carduus	1890	214	92905
CGG3017423	Carex	1890	132762	13398
CGG3017423	Carpinus	1890	180	12989
CGG3017423	Catabrosa	1890	1372	368337
CGG3017423	Ceratophyllum	1890	258	4427
CGG3017423	Chlorella	1890	346	3071
CGG3017423	Comarum	1890	4500	395100
CGG3017423	Corylus	1890	980	13450
CGG3017423	Cota	1890	971	282214
CGG3017423	Cricetulus	1890	166	10028
CGG3017423	Dactylis	1890	189	4508
CGG3017423	Deschampsia	1890	251	15452
CGG3017423	Drosera	1890	28559	4363
CGG3017423	Elatine	1890	1660	125026
CGG3017423	Eleocharis	1890	13433	46324
CGG3017423	Elymus	1890	322	15492
CGG3017423	Empetrum	1890	184	45918
CGG3017423	Epilobium	1890	875	13054
CGG3017423	Equisetum	1890	7513	3257
CGG3017423	Equus	1890	158	9789
CGG3017423	Eriophorum	1890	2376	46326
CGG3017423	Erysimum	1890	765	65352
CGG3017423	Euphrasia	1890	215	46053
CGG3017423	Festuca	1890	18528	4605
CGG3017423	Filipendula	1890	11528	23170
CGG3017423	Fragaria	1890	3308	3746
CGG3017423	Gadus	1890	996	8048
CGG3017423	Galium	1890	478	25168
CGG3017423	Gasterosteus	1890	363	69292
CGG3017423	Glyceria	1890	113	37871
CGG3017423	Hammarbya	1890	210	1155242
CGG3017423	Helictochloa	1890	848	1155210
CGG3017423	Hippuris	1890	1090	39200
CGG3017423	Hordeum	1890	4573	4512
CGG3017423	Isoetes	1890	12688	13838
CGG3017423	Juncus	1890	475	13578
CGG3017423	Lemna	1890	55588	4469
CGG3017423	Ligusticum	1890	414	49551
CGG3017423	Lolium	1890	4092	4520
CGG3017423	Lumbricus	1890	559	6397
CGG3017423	Luzula	1890	2350	46322
CGG3017423	Malus	1890	307	3749
CGG3017423	Menyanthes	1890	81945	24581
CGG3017423	Minuartia	1890	179	258339
CGG3017423	Myosotis	1890	326	192333
CGG3017423	Myriophyllum	1890	1090150	24952
CGG3017423	Oreojuncus	1890	186	1674043
CGG3017423	Ovis	1890	543	9935
CGG3017423	Pedicularis	1890	400	43174
CGG3017423	Phasianus	1890	615	9053
CGG3017423	Phegopteris	1890	98845	93618
CGG3017423	Pinguicula	1890	970	4197
CGG3017423	Plantago	1890	970	26867
CGG3017423	Poa	1890	15679	4544
CGG3017423	Polygonum	1890	4388	46786
CGG3017423	Potamogeton	1890	115128	13228
CGG3017423	Potentilla	1890	8483	23204
CGG3017423	Prunus	1890	275	3754
CGG3017423	Puccinellia	1890	1281	13648
CGG3017423	Puschkinia	1890	2117	81791
CGG3017423	Ranunculus	1890	2231	3445
CGG3017423	Rhinanthus	1890	552	46059
CGG3017423	Rosa	1890	453	3764
CGG3017423	Rumex	1890	789	3618
CGG3017423	Sagina	1890	140	230723
CGG3017423	Salix	1890	1407	40685
CGG3017423	Saxifraga	1890	7905	3798
CGG3017423	Scirpus	1890	380	46334
CGG3017423	Scrophularia	1890	111	39249
CGG3017423	Silene	1890	176	3573
CGG3017423	Sorbus	1890	1162	23222
CGG3017423	Spirogyra	1890	203	3179
CGG3017423	Stellaria	1890	503	13273
CGG3017423	Stuckenia	1890	890864	246706
CGG3017423	Thymus	1890	1912	49990
CGG3017423	Trichophorum	1890	114	76514
CGG3017423	Tripleurospermum	1890	1740	99107
CGG3017423	Trisetum	1890	345	87476
CGG3017423	Triticum	1890	1215	4564
CGG3017423	Trollius	1890	1191	39245
CGG3017423	Utricularia	1890	4900	13747
CGG3017423	Vaccinium	1890	1068	13749
CGG3017423	Veratrum	1890	7518	50241
CGG3017423	Veronica	1890	179	4173
CGG3017423	Viola	1890	522	13757
CGG3017423	Zannichellia	1890	83881	27253
CGG3017423	NA	1890	138	NA
CGG3017427	Aegilops	1862	109	4480
CGG3017427	Agrostis	1862	1854	15297
CGG3017427	Alchemilla	1862	358	23138
CGG3017427	Allium	1862	1003	4678
CGG3017427	Alopecurus	1862	248	15303
CGG3017427	Ambrosia	1862	10762	4211
CGG3017427	Anas	1862	336	8835
CGG3017427	Anemone	1862	700	22868
CGG3017427	Angelica	1862	35629	40948
CGG3017427	Antennaria	1862	8866	41475
CGG3017427	Anthoxanthum	1862	133	15324
CGG3017427	Anthriscus	1862	1257	40886
CGG3017427	Armeria	1862	104	63086
CGG3017427	Avenella	1862	129	391960
CGG3017427	Betula	1862	141	3504
CGG3017427	Bidens	1862	176	42336
CGG3017427	Bison	1862	536	9900
CGG3017427	Bistorta	1862	1084	137670
CGG3017427	Bos	1862	262	9903
CGG3017427	Bromus	1862	225	4501
CGG3017427	Calamagrostis	1862	113	15376
CGG3017427	Callitriche	1862	6087	13380
CGG3017427	Caltha	1862	23236	3448
CGG3017427	Campanula	1862	311	40568
CGG3017427	Capsella	1862	355	3718
CGG3017427	Carduus	1862	159	92905
CGG3017427	Carex	1862	618277	13398
CGG3017427	Catabrosa	1862	445	368337
CGG3017427	Ceratophyllum	1862	298	4427
CGG3017427	Chironomus	1862	536	7150
CGG3017427	Chlorella	1862	127	3071
CGG3017427	Comarum	1862	2189	395100
CGG3017427	Cornus	1862	2447	4281
CGG3017427	Corylus	1862	277	13450
CGG3017427	Cota	1862	2784	282214
CGG3017427	Cricetulus	1862	187	10028
CGG3017427	Deschampsia	1862	279	15452
CGG3017427	Drosera	1862	205328	4363
CGG3017427	Elatine	1862	1547	125026
CGG3017427	Eleocharis	1862	7710	46324
CGG3017427	Elymus	1862	156	15492
CGG3017427	Epilobium	1862	7929	13054
CGG3017427	Equisetum	1862	17934	3257
CGG3017427	Equus	1862	160	9789
CGG3017427	Eriophorum	1862	497	46326
CGG3017427	Erysimum	1862	495	65352
CGG3017427	Euphrasia	1862	604	46053
CGG3017427	Festuca	1862	8012	4605
CGG3017427	Filipendula	1862	74053	23170
CGG3017427	Fragaria	1862	1755	3746
CGG3017427	Gadus	1862	3601	8048
CGG3017427	Galium	1862	956	25168
CGG3017427	Gasterosteus	1862	241	69292
CGG3017427	Glyceria	1862	114	37871
CGG3017427	Helictochloa	1862	1312	1155210
CGG3017427	Hippuris	1862	441	39200
CGG3017427	Hordeum	1862	899	4512
CGG3017427	Isoetes	1862	11718	13838
CGG3017427	Juncus	1862	119	13578
CGG3017427	Lemna	1862	40348	4469
CGG3017427	Lolium	1862	1918	4520
CGG3017427	Lumbricus	1862	472	6397
CGG3017427	Luzula	1862	1412	46322
CGG3017427	Malus	1862	4659	3749
CGG3017427	Menyanthes	1862	5465	24581
CGG3017427	Minuartia	1862	371	258339
CGG3017427	Myosotis	1862	268	192333
CGG3017427	Myriophyllum	1862	19200936	24952
CGG3017427	Ovis	1862	351	9935
CGG3017427	Pedicularis	1862	309	43174
CGG3017427	Phalaris	1862	134	15740
CGG3017427	Phasianus	1862	665	9053
CGG3017427	Phegopteris	1862	846248	93618
CGG3017427	Picea	1862	253	3328
CGG3017427	Pinguicula	1862	569	4197
CGG3017427	Plantago	1862	133	26867
CGG3017427	Poa	1862	2552	4544
CGG3017427	Polygonum	1862	1676	46786
CGG3017427	Populus	1862	113	3689
CGG3017427	Potamogeton	1862	43772	13228
CGG3017427	Potentilla	1862	29804	23204
CGG3017427	Puccinellia	1862	273	13648
CGG3017427	Puschkinia	1862	456	81791
CGG3017427	Ranunculus	1862	21300	3445
CGG3017427	Rosa	1862	153	3764
CGG3017427	Rumex	1862	524	3618
CGG3017427	Salix	1862	17148	40685
CGG3017427	Saxifraga	1862	55974	3798
CGG3017427	Silene	1862	129	3573
CGG3017427	Sorbus	1862	9121	23222
CGG3017427	Stellaria	1862	573	13273
CGG3017427	Stuckenia	1862	996989	246706
CGG3017427	Thymus	1862	1257	49990
CGG3017427	Tripleurospermum	1862	120	99107
CGG3017427	Triticum	1862	796	4564
CGG3017427	Trollius	1862	14694	39245
CGG3017427	Utricularia	1862	2775	13747
CGG3017427	Vaccinium	1862	739	13749
CGG3017427	Veratrum	1862	79695	50241
CGG3017427	Veronica	1862	201	4173
CGG3017427	Viola	1862	167	13757
CGG3017427	Zannichellia	1862	6059	27253
CGG3017431	Agrostis	1835	2678	15297
CGG3017431	Alchemilla	1835	434	23138
CGG3017431	Alopecurus	1835	1027	15303
CGG3017431	Ambrosia	1835	25177	4211
CGG3017431	Anemone	1835	757	22868
CGG3017431	Angelica	1835	38867	40948
CGG3017431	Antennaria	1835	9791	41475
CGG3017431	Anthoxanthum	1835	105	15324
CGG3017431	Anthriscus	1835	1046	40886
CGG3017431	Betula	1835	226	3504
CGG3017431	Bidens	1835	488	42336
CGG3017431	Bison	1835	172	9900
CGG3017431	Bistorta	1835	3173	137670
CGG3017431	Bos	1835	171	9903
CGG3017431	Brachypodium	1835	151	15367
CGG3017431	Bromus	1835	257	4501
CGG3017431	Calamagrostis	1835	546	15376
CGG3017431	Callitriche	1835	5351	13380
CGG3017431	Caltha	1835	27767	3448
CGG3017431	Campanula	1835	162	40568
CGG3017431	Capsella	1835	153	3718
CGG3017431	Carex	1835	1448634	13398
CGG3017431	Catabrosa	1835	265	368337
CGG3017431	Chironomus	1835	194	7150
CGG3017431	Comarum	1835	182	395100
CGG3017431	Cornus	1835	2580	4281
CGG3017431	Corylus	1835	337	13450
CGG3017431	Cota	1835	1325	282214
CGG3017431	Dactylis	1835	123	4508
CGG3017431	Deschampsia	1835	6420	15452
CGG3017431	Drosera	1835	255879	4363
CGG3017431	Elatine	1835	925	125026
CGG3017431	Eleocharis	1835	3469	46324
CGG3017431	Epilobium	1835	15570	13054
CGG3017431	Equisetum	1835	19564	3257
CGG3017431	Eriophorum	1835	755	46326
CGG3017431	Euphrasia	1835	149	46053
CGG3017431	Festuca	1835	6463	4605
CGG3017431	Filipendula	1835	39833	23170
CGG3017431	Fragaria	1835	510	3746
CGG3017431	Gadus	1835	238	8048
CGG3017431	Galium	1835	387	25168
CGG3017431	Haloragis	1835	344	40010
CGG3017431	Helictochloa	1835	823	1155210
CGG3017431	Hippuris	1835	274	39200
CGG3017431	Hordeum	1835	769	4512
CGG3017431	Isoetes	1835	77681	13838
CGG3017431	Lemna	1835	61708	4469
CGG3017431	Ligusticum	1835	258	49551
CGG3017431	Lolium	1835	2109	4520
CGG3017431	Luzula	1835	1053	46322
CGG3017431	Malus	1835	7519	3749
CGG3017431	Menyanthes	1835	2204	24581
CGG3017431	Minuartia	1835	140	258339
CGG3017431	Myriophyllum	1835	20817266	24952
CGG3017431	Notodromas	1835	193	399044
CGG3017431	Oreojuncus	1835	117	1674043
CGG3017431	Pedicularis	1835	502	43174
CGG3017431	Phasianus	1835	396	9053
CGG3017431	Phegopteris	1835	319765	93618
CGG3017431	Picea	1835	285	3328
CGG3017431	Pinguicula	1835	479	4197
CGG3017431	Poa	1835	3248	4544
CGG3017431	Polygonum	1835	373	46786
CGG3017431	Potamogeton	1835	52789	13228
CGG3017431	Potentilla	1835	37666	23204
CGG3017431	Puccinellia	1835	297	13648
CGG3017431	Puschkinia	1835	829	81791
CGG3017431	Ranunculus	1835	9781	3445
CGG3017431	Rumex	1835	280	3618
CGG3017431	Saccoglossus	1835	185	10222
CGG3017431	Salix	1835	25645	40685
CGG3017431	Saxifraga	1835	53923	3798
CGG3017431	Scirpus	1835	195	46334
CGG3017431	Sorbus	1835	10727	23222
CGG3017431	Stuckenia	1835	538453	246706
CGG3017431	Sus	1835	111	9822
CGG3017431	Thymus	1835	693	49990
CGG3017431	Triticum	1835	425	4564
CGG3017431	Trollius	1835	16704	39245
CGG3017431	Utricularia	1835	1846	13747
CGG3017431	Vaccinium	1835	1543	13749
CGG3017431	Veratrum	1835	94489	50241
CGG3017431	Viola	1835	154	13757
CGG3017431	Zannichellia	1835	3053	27253
CGG3017431	NA	1835	344	NA
CGG3017435	Agrostis	1808	1182	15297
CGG3017435	Alopecurus	1808	156	15303
CGG3017435	Ambrosia	1808	350	4211
CGG3017435	Anemone	1808	377	22868
CGG3017435	Angelica	1808	22688	40948
CGG3017435	Antennaria	1808	6518	41475
CGG3017435	Anthoxanthum	1808	174	15324
CGG3017435	Anthriscus	1808	514	40886
CGG3017435	Betula	1808	154	3504
CGG3017435	Bidens	1808	319	42336
CGG3017435	Bistorta	1808	930	137670
CGG3017435	Bos	1808	136	9903
CGG3017435	Bromus	1808	264	4501
CGG3017435	Calamagrostis	1808	275	15376
CGG3017435	Callitriche	1808	7452	13380
CGG3017435	Caltha	1808	15423	3448
CGG3017435	Campanula	1808	136	40568
CGG3017435	Capsella	1808	819	3718
CGG3017435	Carex	1808	553944	13398
CGG3017435	Catabrosa	1808	188	368337
CGG3017435	Chironomus	1808	274	7150
CGG3017435	Cornus	1808	1217	4281
CGG3017435	Cota	1808	1952	282214
CGG3017435	Deschampsia	1808	348	15452
CGG3017435	Drosera	1808	114828	4363
CGG3017435	Elatine	1808	1341	125026
CGG3017435	Eleocharis	1808	4944	46324
CGG3017435	Empetrum	1808	178	45918
CGG3017435	Epilobium	1808	7015	13054
CGG3017435	Equisetum	1808	9798	3257
CGG3017435	Eriophorum	1808	457	46326
CGG3017435	Erysimum	1808	142	65352
CGG3017435	Festuca	1808	4379	4605
CGG3017435	Filipendula	1808	86912	23170
CGG3017435	Fragaria	1808	324	3746
CGG3017435	Gadus	1808	641	8048
CGG3017435	Galium	1808	137	25168
CGG3017435	Hammarbya	1808	295	1155242
CGG3017435	Helictochloa	1808	459	1155210
CGG3017435	Hippuris	1808	436	39200
CGG3017435	Hordeum	1808	260	4512
CGG3017435	Isoetes	1808	13496	13838
CGG3017435	Juncus	1808	153	13578
CGG3017435	Lemna	1808	31976	4469
CGG3017435	Lolium	1808	1272	4520
CGG3017435	Luzula	1808	1990	46322
CGG3017435	Malus	1808	1689	3749
CGG3017435	Menyanthes	1808	1293	24581
CGG3017435	Micranthes	1808	132	759618
CGG3017435	Minuartia	1808	341	258339
CGG3017435	Myriophyllum	1808	10095277	24952
CGG3017435	Otomesostoma	1808	139	2037768
CGG3017435	Ovis	1808	236	9935
CGG3017435	Pedicularis	1808	231	43174
CGG3017435	Phasianus	1808	436	9053
CGG3017435	Phegopteris	1808	412109	93618
CGG3017435	Pinguicula	1808	254	4197
CGG3017435	Plantago	1808	133	26867
CGG3017435	Poa	1808	1483	4544
CGG3017435	Polygonum	1808	5153	46786
CGG3017435	Potamogeton	1808	35251	13228
CGG3017435	Potentilla	1808	20211	23204
CGG3017435	Puccinellia	1808	177	13648
CGG3017435	Puschkinia	1808	771	81791
CGG3017435	Ranunculus	1808	9639	3445
CGG3017435	Rhinanthus	1808	111	46059
CGG3017435	Rumex	1808	221	3618
CGG3017435	Salix	1808	13030	40685
CGG3017435	Saxifraga	1808	50345	3798
CGG3017435	Sorbus	1808	5524	23222
CGG3017435	Stellaria	1808	1220	13273
CGG3017435	Stuckenia	1808	740661	246706
CGG3017435	Thymus	1808	701	49990
CGG3017435	Tripleurospermum	1808	212	99107
CGG3017435	Triticum	1808	192	4564
CGG3017435	Trollius	1808	9698	39245
CGG3017435	Utricularia	1808	1476	13747
CGG3017435	Vaccinium	1808	1489	13749
CGG3017435	Veratrum	1808	48402	50241
CGG3017435	Viola	1808	146	13757
CGG3017435	Zannichellia	1808	6948	27253
CGG3017439	Agrostis	1783	2286	15297
CGG3017439	Alchemilla	1783	269	23138
CGG3017439	Alopecurus	1783	393	15303
CGG3017439	Ambrosia	1783	708	4211
CGG3017439	Anemone	1783	507	22868
CGG3017439	Angelica	1783	28535	40948
CGG3017439	Antennaria	1783	8645	41475
CGG3017439	Anthriscus	1783	672	40886
CGG3017439	Betula	1783	127	3504
CGG3017439	Bidens	1783	229	42336
CGG3017439	Bison	1783	915	9900
CGG3017439	Bistorta	1783	4499	137670
CGG3017439	Bos	1783	365	9903
CGG3017439	Bromus	1783	169	4501
CGG3017439	Calamagrostis	1783	321	15376
CGG3017439	Callitriche	1783	6102	13380
CGG3017439	Caltha	1783	18333	3448
CGG3017439	Campanula	1783	132	40568
CGG3017439	Capsella	1783	386	3718
CGG3017439	Carex	1783	145714	13398
CGG3017439	Catabrosa	1783	599	368337
CGG3017439	Ceratophyllum	1783	101	4427
CGG3017439	Chironomus	1783	256	7150
CGG3017439	Comarum	1783	952	395100
CGG3017439	Cornus	1783	1281	4281
CGG3017439	Cota	1783	426	282214
CGG3017439	Cricetulus	1783	211	10028
CGG3017439	Dactylis	1783	111	4508
CGG3017439	Deschampsia	1783	1359	15452
CGG3017439	Drosera	1783	143326	4363
CGG3017439	Elatine	1783	1251	125026
CGG3017439	Eleocharis	1783	4138	46324
CGG3017439	Epilobium	1783	7594	13054
CGG3017439	Equisetum	1783	14970	3257
CGG3017439	Eriophorum	1783	341	46326
CGG3017439	Festuca	1783	4870	4605
CGG3017439	Filipendula	1783	48854	23170
CGG3017439	Fragaria	1783	1228	3746
CGG3017439	Gadus	1783	355	8048
CGG3017439	Galium	1783	773	25168
CGG3017439	Hammarbya	1783	358	1155242
CGG3017439	Helictochloa	1783	461	1155210
CGG3017439	Hippuris	1783	309	39200
CGG3017439	Hordeum	1783	472	4512
CGG3017439	Isoetes	1783	20298	13838
CGG3017439	Juncus	1783	102	13578
CGG3017439	Lemna	1783	38825	4469
CGG3017439	Ligusticum	1783	179	49551
CGG3017439	Lolium	1783	1703	4520
CGG3017439	Lumbricus	1783	236	6397
CGG3017439	Luzula	1783	347	46322
CGG3017439	Malus	1783	3694	3749
CGG3017439	Menyanthes	1783	1651	24581
CGG3017439	Micranthes	1783	143	759618
CGG3017439	Minuartia	1783	139	258339
CGG3017439	Mychonastes	1783	102	91354
CGG3017439	Myriophyllum	1783	12966509	24952
CGG3017439	Notodromas	1783	152	399044
CGG3017439	Pedicularis	1783	286	43174
CGG3017439	Phalaris	1783	100	15740
CGG3017439	Phasianus	1783	460	9053
CGG3017439	Phegopteris	1783	928401	93618
CGG3017439	Pinguicula	1783	491	4197
CGG3017439	Poa	1783	1210	4544
CGG3017439	Polygonum	1783	192666	46786
CGG3017439	Potamogeton	1783	43391	13228
CGG3017439	Potentilla	1783	21439	23204
CGG3017439	Puccinellia	1783	139	13648
CGG3017439	Puschkinia	1783	417	81791
CGG3017439	Ranunculus	1783	2280	3445
CGG3017439	Rumex	1783	1066	3618
CGG3017439	Salix	1783	14749	40685
CGG3017439	Saxifraga	1783	57316	3798
CGG3017439	Scirpus	1783	154	46334
CGG3017439	Scutellaria	1783	107	4139
CGG3017439	Sorbus	1783	6975	23222
CGG3017439	Stuckenia	1783	421010	246706
CGG3017439	Thymus	1783	848	49990
CGG3017439	Triticum	1783	395	4564
CGG3017439	Trollius	1783	12005	39245
CGG3017439	Utricularia	1783	1058	13747
CGG3017439	Vaccinium	1783	895	13749
CGG3017439	Veratrum	1783	58975	50241
CGG3017439	Viola	1783	188	13757
CGG3017439	Zannichellia	1783	3468	27253
CGG3017439	NA	1783	193	NA
CGG3017442	Agrostis	1766	1792	15297
CGG3017442	Alchemilla	1766	650	23138
CGG3017442	Alopecurus	1766	1212	15303
CGG3017442	Ambrosia	1766	347	4211
CGG3017442	Anas	1766	213	8835
CGG3017442	Anemone	1766	728	22868
CGG3017442	Angelica	1766	54274	40948
CGG3017442	Anguilla	1766	331	7935
CGG3017442	Antennaria	1766	13585	41475
CGG3017442	Anthriscus	1766	1322	40886
CGG3017442	Betula	1766	346	3504
CGG3017442	Bison	1766	414	9900
CGG3017442	Bistorta	1766	2561	137670
CGG3017442	Bos	1766	159	9903
CGG3017442	Brachypodium	1766	108	15367
CGG3017442	Bromus	1766	403	4501
CGG3017442	Calamagrostis	1766	351	15376
CGG3017442	Callitriche	1766	2814	13380
CGG3017442	Caltha	1766	36995	3448
CGG3017442	Campanula	1766	217	40568
CGG3017442	Carex	1766	864833	13398
CGG3017442	Catabrosa	1766	406	368337
CGG3017442	Ceratophyllum	1766	424	4427
CGG3017442	Chironomus	1766	151	7150
CGG3017442	Cornus	1766	3369	4281
CGG3017442	Corylus	1766	901	13450
CGG3017442	Cota	1766	962	282214
CGG3017442	Deschampsia	1766	491	15452
CGG3017442	Drosera	1766	376822	4363
CGG3017442	Elatine	1766	1405	125026
CGG3017442	Eleocharis	1766	4687	46324
CGG3017442	Epilobium	1766	14747	13054
CGG3017442	Equisetum	1766	20629	3257
CGG3017442	Eriophorum	1766	292	46326
CGG3017442	Euphrasia	1766	227	46053
CGG3017442	Festuca	1766	6452	4605
CGG3017442	Filipendula	1766	31135	23170
CGG3017442	Fragaria	1766	283	3746
CGG3017442	Gadus	1766	146	8048
CGG3017442	Galium	1766	286	25168
CGG3017442	Haloragis	1766	185	40010
CGG3017442	Hammarbya	1766	160	1155242
CGG3017442	Helictochloa	1766	534	1155210
CGG3017442	Hippuris	1766	226	39200
CGG3017442	Hordeum	1766	609	4512
CGG3017442	Isoetes	1766	6306	13838
CGG3017442	Lemna	1766	79633	4469
CGG3017442	Lolium	1766	1992	4520
CGG3017442	Luzula	1766	3125	46322
CGG3017442	Malus	1766	9075	3749
CGG3017442	Menyanthes	1766	2499	24581
CGG3017442	Minuartia	1766	328	258339
CGG3017442	Myosotis	1766	126	192333
CGG3017442	Myriophyllum	1766	30689685	24952
CGG3017442	Pedicularis	1766	479	43174
CGG3017442	Penthorum	1766	105	23261
CGG3017442	Phasianus	1766	570	9053
CGG3017442	Phegopteris	1766	1394268	93618
CGG3017442	Picea	1766	766	3328
CGG3017442	Pinguicula	1766	392	4197
CGG3017442	Poa	1766	2665	4544
CGG3017442	Polygonum	1766	9413	46786
CGG3017442	Potamogeton	1766	84593	13228
CGG3017442	Potentilla	1766	54841	23204
CGG3017442	Prunus	1766	104	3754
CGG3017442	Puccinellia	1766	270	13648
CGG3017442	Ranunculus	1766	3661	3445
CGG3017442	Rumex	1766	284	3618
CGG3017442	Sagina	1766	387	230723
CGG3017442	Salix	1766	26032	40685
CGG3017442	Saxifraga	1766	140	3798
CGG3017442	Scirpus	1766	759	46334
CGG3017442	Sorbus	1766	14578	23222
CGG3017442	Stuckenia	1766	280047	246706
CGG3017442	Thymus	1766	1392	49990
CGG3017442	Trichophorum	1766	997	76514
CGG3017442	Triticum	1766	797	4564
CGG3017442	Trollius	1766	22984	39245
CGG3017442	Utricularia	1766	1727	13747
CGG3017442	Vaccinium	1766	1002	13749
CGG3017442	Veratrum	1766	125352	50241
CGG3017442	Viola	1766	106	13757
CGG3017442	Zannichellia	1766	3779	27253
CGG3017442	NA	1766	125	NA
CGG3017446	Agrostis	1737	3122	15297
CGG3017446	Alchemilla	1737	292	23138
CGG3017446	Alopecurus	1737	525	15303
CGG3017446	Ambrosia	1737	1171	4211
CGG3017446	Anemone	1737	334	22868
CGG3017446	Angelica	1737	50183	40948
CGG3017446	Antennaria	1737	13450	41475
CGG3017446	Anthriscus	1737	356	40886
CGG3017446	Betula	1737	143	3504
CGG3017446	Bidens	1737	178	42336
CGG3017446	Bison	1737	243	9900
CGG3017446	Bistorta	1737	1931	137670
CGG3017446	Bos	1737	321	9903
CGG3017446	Bromus	1737	398	4501
CGG3017446	Calamagrostis	1737	767	15376
CGG3017446	Callitriche	1737	2554	13380
CGG3017446	Caltha	1737	35096	3448
CGG3017446	Campanula	1737	221	40568
CGG3017446	Carex	1737	178041	13398
CGG3017446	Catabrosa	1737	226	368337
CGG3017446	Ceratophyllum	1737	202	4427
CGG3017446	Chironomus	1737	404	7150
CGG3017446	Comarum	1737	792	395100
CGG3017446	Cornus	1737	2396	4281
CGG3017446	Cota	1737	168	282214
CGG3017446	Deschampsia	1737	387	15452
CGG3017446	Drosera	1737	308214	4363
CGG3017446	Elatine	1737	1200	125026
CGG3017446	Eleocharis	1737	2871	46324
CGG3017446	Epilobium	1737	9264	13054
CGG3017446	Equisetum	1737	13537	3257
CGG3017446	Festuca	1737	6310	4605
CGG3017446	Filipendula	1737	6294	23170
CGG3017446	Fragaria	1737	800	3746
CGG3017446	Gadus	1737	338	8048
CGG3017446	Galium	1737	156	25168
CGG3017446	Haloragis	1737	100	40010
CGG3017446	Helictochloa	1737	237	1155210
CGG3017446	Hippuris	1737	251	39200
CGG3017446	Hordeum	1737	327	4512
CGG3017446	Isoetes	1737	12148	13838
CGG3017446	Juncus	1737	182	13578
CGG3017446	Lemna	1737	43550	4469
CGG3017446	Lolium	1737	1919	4520
CGG3017446	Lumbricus	1737	161	6397
CGG3017446	Luzula	1737	519	46322
CGG3017446	Malus	1737	4188	3749
CGG3017446	Menyanthes	1737	639	24581
CGG3017446	Minuartia	1737	194	258339
CGG3017446	Myosotis	1737	182	192333
CGG3017446	Myriophyllum	1737	26236967	24952
CGG3017446	Ovis	1737	193	9935
CGG3017446	Pedicularis	1737	532	43174
CGG3017446	Penthorum	1737	227	23261
CGG3017446	Phasianus	1737	596	9053
CGG3017446	Phegopteris	1737	1422487	93618
CGG3017446	Picea	1737	555	3328
CGG3017446	Pinguicula	1737	421	4197
CGG3017446	Plantago	1737	218	26867
CGG3017446	Poa	1737	1241	4544
CGG3017446	Polygonum	1737	14827	46786
CGG3017446	Potamogeton	1737	29478	13228
CGG3017446	Potentilla	1737	31792	23204
CGG3017446	Puccinellia	1737	164	13648
CGG3017446	Puschkinia	1737	171	81791
CGG3017446	Ranunculus	1737	1422	3445
CGG3017446	Rumex	1737	492	3618
CGG3017446	Salix	1737	14504	40685
CGG3017446	Saxifraga	1737	19202	3798
CGG3017446	Scirpus	1737	137	46334
CGG3017446	Scrophularia	1737	135	39249
CGG3017446	Sorbus	1737	11418	23222
CGG3017446	Stuckenia	1737	124312	246706
CGG3017446	Thymus	1737	1552	49990
CGG3017446	Tripleurospermum	1737	197	99107
CGG3017446	Triticum	1737	281	4564
CGG3017446	Trollius	1737	19342	39245
CGG3017446	Utricularia	1737	1662	13747
CGG3017446	Vaccinium	1737	308	13749
CGG3017446	Veratrum	1737	95477	50241
CGG3017446	Zannichellia	1737	3537	27253
CGG3017446	NA	1737	108	NA
CGG3017449	Agrostis	1718	1442	15297
CGG3017449	Alchemilla	1718	194	23138
CGG3017449	Alopecurus	1718	444	15303
CGG3017449	Ambrosia	1718	488	4211
CGG3017449	Anemone	1718	341	22868
CGG3017449	Angelica	1718	39983	40948
CGG3017449	Antennaria	1718	12058	41475
CGG3017449	Anthriscus	1718	385	40886
CGG3017449	Betula	1718	116	3504
CGG3017449	Bison	1718	174	9900
CGG3017449	Bistorta	1718	1121	137670
CGG3017449	Bos	1718	153	9903
CGG3017449	Brachypodium	1718	101	15367
CGG3017449	Calamagrostis	1718	1650	15376
CGG3017449	Callitriche	1718	3291	13380
CGG3017449	Caltha	1718	22040	3448
CGG3017449	Campanula	1718	149	40568
CGG3017449	Carex	1718	562015	13398
CGG3017449	Catabrosa	1718	279	368337
CGG3017449	Ceratophyllum	1718	287	4427
CGG3017449	Chironomus	1718	172	7150
CGG3017449	Comarum	1718	1834	395100
CGG3017449	Cornus	1718	1096	4281
CGG3017449	Deschampsia	1718	178	15452
CGG3017449	Drosera	1718	241706	4363
CGG3017449	Elatine	1718	1501	125026
CGG3017449	Eleocharis	1718	1045	46324
CGG3017449	Epilobium	1718	7195	13054
CGG3017449	Equisetum	1718	13278	3257
CGG3017449	Erysimum	1718	335	65352
CGG3017449	Festuca	1718	2884	4605
CGG3017449	Filipendula	1718	298	23170
CGG3017449	Fragaria	1718	1491	3746
CGG3017449	Gadus	1718	257	8048
CGG3017449	Galium	1718	220	25168
CGG3017449	Hammarbya	1718	148	1155242
CGG3017449	Helictochloa	1718	396	1155210
CGG3017449	Hippuris	1718	314	39200
CGG3017449	Hordeum	1718	238	4512
CGG3017449	Isoetes	1718	2744	13838
CGG3017449	Juncus	1718	187	13578
CGG3017449	Lemna	1718	34173	4469
CGG3017449	Lolium	1718	1413	4520
CGG3017449	Lumbricus	1718	214	6397
CGG3017449	Luzula	1718	1050	46322
CGG3017449	Malus	1718	3095	3749
CGG3017449	Menyanthes	1718	6142	24581
CGG3017449	Minuartia	1718	366	258339
CGG3017449	Myriophyllum	1718	19512789	24952
CGG3017449	Narthecium	1718	333	114203
CGG3017449	Pedicularis	1718	257	43174
CGG3017449	Penthorum	1718	107	23261
CGG3017449	Phasianus	1718	631	9053
CGG3017449	Phegopteris	1718	713501	93618
CGG3017449	Picea	1718	375	3328
CGG3017449	Pinguicula	1718	443	4197
CGG3017449	Poa	1718	1647	4544
CGG3017449	Polygonum	1718	1639	46786
CGG3017449	Potamogeton	1718	34147	13228
CGG3017449	Potentilla	1718	22954	23204
CGG3017449	Puccinellia	1718	217	13648
CGG3017449	Ranunculus	1718	1552	3445
CGG3017449	Rosa	1718	122	3764
CGG3017449	Rumex	1718	229	3618
CGG3017449	Salix	1718	13143	40685
CGG3017449	Saxifraga	1718	14507	3798
CGG3017449	Scirpus	1718	150	46334
CGG3017449	Sorbus	1718	9052	23222
CGG3017449	Stellaria	1718	103	13273
CGG3017449	Stuckenia	1718	82569	246706
CGG3017449	Thymus	1718	1297	49990
CGG3017449	Triticum	1718	183	4564
CGG3017449	Trollius	1718	18026	39245
CGG3017449	Utricularia	1718	1572	13747
CGG3017449	Vaccinium	1718	642	13749
CGG3017449	Veratrum	1718	75949	50241
CGG3017449	Zannichellia	1718	3200	27253
CGG3017449	NA	1718	125	NA
CGG3017453	Agrostis	1692	1105	15297
CGG3017453	Alchemilla	1692	427	23138
CGG3017453	Alopecurus	1692	918	15303
CGG3017453	Ambrosia	1692	376	4211
CGG3017453	Anemone	1692	368	22868
CGG3017453	Angelica	1692	50836	40948
CGG3017453	Antennaria	1692	15244	41475
CGG3017453	Anthriscus	1692	388	40886
CGG3017453	Betula	1692	288	3504
CGG3017453	Bison	1692	614	9900
CGG3017453	Bistorta	1692	1175	137670
CGG3017453	Bos	1692	187	9903
CGG3017453	Braya	1692	206	97987
CGG3017453	Bromus	1692	132	4501
CGG3017453	Calamagrostis	1692	202	15376
CGG3017453	Callitriche	1692	3147	13380
CGG3017453	Caltha	1692	31138	3448
CGG3017453	Campanula	1692	197	40568
CGG3017453	Carduus	1692	157	92905
CGG3017453	Carex	1692	646598	13398
CGG3017453	Carpinus	1692	104	12989
CGG3017453	Catabrosa	1692	2244	368337
CGG3017453	Ceratophyllum	1692	417	4427
CGG3017453	Chironomus	1692	12810	7150
CGG3017453	Comarum	1692	179	395100
CGG3017453	Cornus	1692	1735	4281
CGG3017453	Corylus	1692	115	13450
CGG3017453	Cota	1692	299	282214
CGG3017453	Deschampsia	1692	221	15452
CGG3017453	Drosera	1692	314282	4363
CGG3017453	Elatine	1692	1640	125026
CGG3017453	Eleocharis	1692	2247	46324
CGG3017453	Epilobium	1692	9563	13054
CGG3017453	Equisetum	1692	13775	3257
CGG3017453	Eriophorum	1692	238	46326
CGG3017453	Euphrasia	1692	496	46053
CGG3017453	Festuca	1692	4765	4605
CGG3017453	Filipendula	1692	2353	23170
CGG3017453	Fragaria	1692	506	3746
CGG3017453	Gadus	1692	431	8048
CGG3017453	Galium	1692	456	25168
CGG3017453	Haloragis	1692	185	40010
CGG3017453	Hammarbya	1692	198	1155242
CGG3017453	Helictochloa	1692	379	1155210
CGG3017453	Hippuris	1692	307	39200
CGG3017453	Homo	1692	16333	9605
CGG3017453	Hordeum	1692	514	4512
CGG3017453	Isoetes	1692	2974	13838
CGG3017453	Juglans	1692	102	16718
CGG3017453	Juncus	1692	3030	13578
CGG3017453	Lemna	1692	42799	4469
CGG3017453	Lolium	1692	1952	4520
CGG3017453	Lumbricus	1692	143	6397
CGG3017453	Luzula	1692	291	46322
CGG3017453	Malus	1692	5459	3749
CGG3017453	Menyanthes	1692	17422	24581
CGG3017453	Minuartia	1692	279	258339
CGG3017453	Myosotis	1692	154	192333
CGG3017453	Myriophyllum	1692	24411761	24952
CGG3017453	Ovis	1692	133	9935
CGG3017453	Pedicularis	1692	403	43174
CGG3017453	Penthorum	1692	215	23261
CGG3017453	Phasianus	1692	679	9053
CGG3017453	Phegopteris	1692	1011724	93618
CGG3017453	Picea	1692	851	3328
CGG3017453	Pinguicula	1692	668	4197
CGG3017453	Poa	1692	2305	4544
CGG3017453	Polygonum	1692	677	46786
CGG3017453	Potamogeton	1692	48783	13228
CGG3017453	Potentilla	1692	30778	23204
CGG3017453	Priapulus	1692	204	37847
CGG3017453	Puccinellia	1692	232	13648
CGG3017453	Ranunculus	1692	2805	3445
CGG3017453	Rosa	1692	115	3764
CGG3017453	Rumex	1692	598	3618
CGG3017453	Saccoglossus	1692	124	10222
CGG3017453	Salix	1692	15446	40685
CGG3017453	Saxifraga	1692	16910	3798
CGG3017453	Scirpus	1692	1161	46334
CGG3017453	Sorbus	1692	12183	23222
CGG3017453	Stellaria	1692	110	13273
CGG3017453	Stuckenia	1692	107022	246706
CGG3017453	Thymus	1692	2456	49990
CGG3017453	Triticum	1692	385	4564
CGG3017453	Trollius	1692	18244	39245
CGG3017453	Utricularia	1692	2214	13747
CGG3017453	Vaccinium	1692	3786	13749
CGG3017453	Veratrum	1692	96655	50241
CGG3017453	Veronica	1692	550	4173
CGG3017453	Viola	1692	289	13757
CGG3017453	Zannichellia	1692	3448	27253
CGG3017456	Agrostis	1670	713	15297
CGG3017456	Alchemilla	1670	141	23138
CGG3017456	Anemone	1670	173	22868
CGG3017456	Angelica	1670	15208	40948
CGG3017456	Antennaria	1670	4790	41475
CGG3017456	Anthriscus	1670	304	40886
CGG3017456	Betula	1670	176	3504
CGG3017456	Bison	1670	165	9900
CGG3017456	Bistorta	1670	353	137670
CGG3017456	Bos	1670	134	9903
CGG3017456	Bromus	1670	126	4501
CGG3017456	Calamagrostis	1670	111	15376
CGG3017456	Callitriche	1670	1264	13380
CGG3017456	Caltha	1670	9989	3448
CGG3017456	Carex	1670	110152	13398
CGG3017456	Comarum	1670	159	395100
CGG3017456	Cornus	1670	586	4281
CGG3017456	Cota	1670	251	282214
CGG3017456	Deschampsia	1670	1375	15452
CGG3017456	Drosera	1670	91490	4363
CGG3017456	Elatine	1670	478	125026
CGG3017456	Eleocharis	1670	688	46324
CGG3017456	Epilobium	1670	3074	13054
CGG3017456	Equisetum	1670	4753	3257
CGG3017456	Eriophorum	1670	3096	46326
CGG3017456	Festuca	1670	1084	4605
CGG3017456	Filipendula	1670	298	23170
CGG3017456	Fragaria	1670	343	3746
CGG3017456	Hordeum	1670	136	4512
CGG3017456	Isoetes	1670	9276	13838
CGG3017456	Juncus	1670	205	13578
CGG3017456	Lemna	1670	10841	4469
CGG3017456	Lolium	1670	656	4520
CGG3017456	Luzula	1670	304	46322
CGG3017456	Malus	1670	1799	3749
CGG3017456	Menyanthes	1670	5015	24581
CGG3017456	Myriophyllum	1670	5466954	24952
CGG3017456	Pedicularis	1670	116	43174
CGG3017456	Phasianus	1670	250	9053
CGG3017456	Phegopteris	1670	424322	93618
CGG3017456	Picea	1670	244	3328
CGG3017456	Pinguicula	1670	111	4197
CGG3017456	Poa	1670	408	4544
CGG3017456	Polygonum	1670	241	46786
CGG3017456	Potamogeton	1670	25131	13228
CGG3017456	Potentilla	1670	12110	23204
CGG3017456	Prunus	1670	154	3754
CGG3017456	Puschkinia	1670	100	81791
CGG3017456	Ranunculus	1670	689	3445
CGG3017456	Rumex	1670	171	3618
CGG3017456	Salix	1670	7594	40685
CGG3017456	Saxifraga	1670	10772	3798
CGG3017456	Sorbus	1670	3554	23222
CGG3017456	Stuckenia	1670	61477	246706
CGG3017456	Thymus	1670	995	49990
CGG3017456	Trollius	1670	3892	39245
CGG3017456	Utricularia	1670	450	13747
CGG3017456	Vaccinium	1670	364	13749
CGG3017456	Veratrum	1670	27573	50241
CGG3017456	Zannichellia	1670	770	27253
CGG3017460	Agrostis	1645	1145	15297
CGG3017460	Alchemilla	1645	257	23138
CGG3017460	Alopecurus	1645	155	15303
CGG3017460	Ambrosia	1645	2913	4211
CGG3017460	Anemone	1645	618	22868
CGG3017460	Angelica	1645	27430	40948
CGG3017460	Antennaria	1645	6904	41475
CGG3017460	Anthriscus	1645	335	40886
CGG3017460	Betula	1645	346	3504
CGG3017460	Bison	1645	190	9900
CGG3017460	Bistorta	1645	795	137670
CGG3017460	Braya	1645	106	97987
CGG3017460	Callitriche	1645	3701	13380
CGG3017460	Caltha	1645	14351	3448
CGG3017460	Carex	1645	960562	13398
CGG3017460	Catabrosa	1645	176	368337
CGG3017460	Ceratophyllum	1645	149	4427
CGG3017460	Comarum	1645	163	395100
CGG3017460	Cornus	1645	1077	4281
CGG3017460	Corylus	1645	382	13450
CGG3017460	Cota	1645	316	282214
CGG3017460	Deschampsia	1645	240	15452
CGG3017460	Drosera	1645	127361	4363
CGG3017460	Elatine	1645	762	125026
CGG3017460	Eleocharis	1645	2815	46324
CGG3017460	Epilobium	1645	6475	13054
CGG3017460	Equisetum	1645	10074	3257
CGG3017460	Eriophorum	1645	767	46326
CGG3017460	Festuca	1645	1879	4605
CGG3017460	Filipendula	1645	2807	23170
CGG3017460	Fragaria	1645	406	3746
CGG3017460	Galium	1645	131	25168
CGG3017460	Haloragis	1645	103	40010
CGG3017460	Hammarbya	1645	147	1155242
CGG3017460	Hippuris	1645	277	39200
CGG3017460	Hordeum	1645	290	4512
CGG3017460	Isoetes	1645	11159	13838
CGG3017460	Lemna	1645	27144	4469
CGG3017460	Ligusticum	1645	206	49551
CGG3017460	Littorella	1645	110	223166
CGG3017460	Lolium	1645	865	4520
CGG3017460	Luzula	1645	396	46322
CGG3017460	Malus	1645	4786	3749
CGG3017460	Menyanthes	1645	10485	24581
CGG3017460	Myriophyllum	1645	11358417	24952
CGG3017460	Pedicularis	1645	224	43174
CGG3017460	Phasianus	1645	346	9053
CGG3017460	Pinguicula	1645	176	4197
CGG3017460	Poa	1645	2110	4544
CGG3017460	Polygonum	1645	490	46786
CGG3017460	Potamogeton	1645	53172	13228
CGG3017460	Potentilla	1645	22776	23204
CGG3017460	Puccinellia	1645	245	13648
CGG3017460	Ranunculus	1645	619	3445
CGG3017460	Rumex	1645	187	3618
CGG3017460	Salix	1645	15487	40685
CGG3017460	Saxifraga	1645	58244	3798
CGG3017460	Scirpus	1645	943	46334
CGG3017460	Sorbus	1645	6509	23222
CGG3017460	Stuckenia	1645	152873	246706
CGG3017460	Thymus	1645	1188	49990
CGG3017460	Triticum	1645	130	4564
CGG3017460	Trollius	1645	5836	39245
CGG3017460	Utricularia	1645	1060	13747
CGG3017460	Vaccinium	1645	1072	13749
CGG3017460	Veratrum	1645	48859	50241
CGG3017460	Zannichellia	1645	1349	27253
CGG3017464	Agrostis	1621	2248	15297
CGG3017464	Alchemilla	1621	1256	23138
CGG3017464	Anas	1621	375	8835
CGG3017464	Anemone	1621	2394	22868
CGG3017464	Angelica	1621	43032	40948
CGG3017464	Antennaria	1621	11923	41475
CGG3017464	Anthriscus	1621	718	40886
CGG3017464	Armeria	1621	154	63086
CGG3017464	Betula	1621	815	3504
CGG3017464	Bison	1621	242	9900
CGG3017464	Bistorta	1621	2602	137670
CGG3017464	Bos	1621	277	9903
CGG3017464	Bromus	1621	499	4501
CGG3017464	Calamagrostis	1621	229	15376
CGG3017464	Callitriche	1621	3069	13380
CGG3017464	Caltha	1621	24150	3448
CGG3017464	Campanula	1621	103	40568
CGG3017464	Capsella	1621	302	3718
CGG3017464	Carduus	1621	114	92905
CGG3017464	Carex	1621	452803	13398
CGG3017464	Carpinus	1621	118	12989
CGG3017464	Catabrosa	1621	1784	368337
CGG3017464	Ceratophyllum	1621	770	4427
CGG3017464	Chironomus	1621	134	7150
CGG3017464	Chlorella	1621	207	3071
CGG3017464	Comarum	1621	1955	395100
CGG3017464	Cornus	1621	1130	4281
CGG3017464	Corylus	1621	508	13450
CGG3017464	Cota	1621	1185	282214
CGG3017464	Deschampsia	1621	398	15452
CGG3017464	Drosera	1621	272089	4363
CGG3017464	Dryas	1621	207	48230
CGG3017464	Elatine	1621	1553	125026
CGG3017464	Eleocharis	1621	5294	46324
CGG3017464	Empetrum	1621	326	45918
CGG3017464	Epilobium	1621	7335	13054
CGG3017464	Equisetum	1621	13456	3257
CGG3017464	Eriophorum	1621	1040	46326
CGG3017464	Erysimum	1621	369	65352
CGG3017464	Euphrasia	1621	257	46053
CGG3017464	Festuca	1621	3890	4605
CGG3017464	Filipendula	1621	32318	23170
CGG3017464	Fragaria	1621	1915	3746
CGG3017464	Galium	1621	389	25168
CGG3017464	Haloragis	1621	324	40010
CGG3017464	Hammarbya	1621	236	1155242
CGG3017464	Helictochloa	1621	339	1155210
CGG3017464	Hippuris	1621	419	39200
CGG3017464	Hordeum	1621	715	4512
CGG3017464	Isoetes	1621	35429	13838
CGG3017464	Juncus	1621	459	13578
CGG3017464	Lemna	1621	32405	4469
CGG3017464	Ligusticum	1621	101	49551
CGG3017464	Littorella	1621	242	223166
CGG3017464	Lolium	1621	1709	4520
CGG3017464	Lumbricus	1621	105	6397
CGG3017464	Luzula	1621	934	46322
CGG3017464	Malus	1621	3760	3749
CGG3017464	Menyanthes	1621	15740	24581
CGG3017464	Micranthes	1621	110	759618
CGG3017464	Minuartia	1621	202	258339
CGG3017464	Myriophyllum	1621	18261182	24952
CGG3017464	Ovis	1621	198	9935
CGG3017464	Pedicularis	1621	523	43174
CGG3017464	Penthorum	1621	230	23261
CGG3017464	Phasianus	1621	485	9053
CGG3017464	Phegopteris	1621	568895	93618
CGG3017464	Picea	1621	428	3328
CGG3017464	Pinguicula	1621	687	4197
CGG3017464	Poa	1621	11974	4544
CGG3017464	Polygonum	1621	381	46786
CGG3017464	Potamogeton	1621	160582	13228
CGG3017464	Potentilla	1621	23385	23204
CGG3017464	Prunus	1621	270	3754
CGG3017464	Puccinellia	1621	1158	13648
CGG3017464	Puschkinia	1621	1545	81791
CGG3017464	Ranunculus	1621	2568	3445
CGG3017464	Rosa	1621	213	3764
CGG3017464	Rumex	1621	947	3618
CGG3017464	Saccoglossus	1621	182	10222
CGG3017464	Salix	1621	351964	40685
CGG3017464	Saxifraga	1621	12277	3798
CGG3017464	Scilla	1621	160	4701
CGG3017464	Scirpus	1621	1012	46334
CGG3017464	Sorbus	1621	10590	23222
CGG3017464	Stuckenia	1621	295063	246706
CGG3017464	Thymus	1621	4614	49990
CGG3017464	Trichophorum	1621	132	76514
CGG3017464	Triticum	1621	389	4564
CGG3017464	Trollius	1621	13946	39245
CGG3017464	Utricularia	1621	2595	13747
CGG3017464	Vaccinium	1621	5173	13749
CGG3017464	Veratrum	1621	82035	50241
CGG3017464	Viola	1621	291	13757
CGG3017464	Zannichellia	1621	2297	27253
CGG3017468	Agrostis	1600	1585	15297
CGG3017468	Alchemilla	1600	915	23138
CGG3017468	Alopecurus	1600	144	15303
CGG3017468	Ambrosia	1600	207	4211
CGG3017468	Anemone	1600	838	22868
CGG3017468	Angelica	1600	31619	40948
CGG3017468	Antennaria	1600	7415	41475
CGG3017468	Betula	1600	141	3504
CGG3017468	Bison	1600	145	9900
CGG3017468	Bistorta	1600	2021	137670
CGG3017468	Bos	1600	260	9903
CGG3017468	Bromus	1600	473	4501
CGG3017468	Callitriche	1600	1021	13380
CGG3017468	Caltha	1600	16222	3448
CGG3017468	Capsella	1600	213	3718
CGG3017468	Carex	1600	915927	13398
CGG3017468	Catabrosa	1600	408	368337
CGG3017468	Ceratophyllum	1600	161	4427
CGG3017468	Comarum	1600	8118	395100
CGG3017468	Cornus	1600	1010	4281
CGG3017468	Cota	1600	113	282214
CGG3017468	Deschampsia	1600	196	15452
CGG3017468	Drosera	1600	186524	4363
CGG3017468	Elatine	1600	518	125026
CGG3017468	Eleocharis	1600	995	46324
CGG3017468	Epilobium	1600	6997	13054
CGG3017468	Equisetum	1600	7572	3257
CGG3017468	Eriophorum	1600	276	46326
CGG3017468	Erysimum	1600	563	65352
CGG3017468	Festuca	1600	2003	4605
CGG3017468	Filipendula	1600	12371	23170
CGG3017468	Fragaria	1600	2856	3746
CGG3017468	Gadus	1600	149	8048
CGG3017468	Galium	1600	181	25168
CGG3017468	Helictochloa	1600	271	1155210
CGG3017468	Hippuris	1600	227	39200
CGG3017468	Hordeum	1600	313	4512
CGG3017468	Isoetes	1600	60055	13838
CGG3017468	Juncus	1600	117	13578
CGG3017468	Lemna	1600	21702	4469
CGG3017468	Littorella	1600	318	223166
CGG3017468	Lolium	1600	946	4520
CGG3017468	Luzula	1600	232	46322
CGG3017468	Malus	1600	4203	3749
CGG3017468	Menyanthes	1600	4877	24581
CGG3017468	Myriophyllum	1600	13352178	24952
CGG3017468	Pedicularis	1600	293	43174
CGG3017468	Phasianus	1600	188	9053
CGG3017468	Phegopteris	1600	104484	93618
CGG3017468	Picea	1600	352	3328
CGG3017468	Pinguicula	1600	162	4197
CGG3017468	Poa	1600	4215	4544
CGG3017468	Polygonum	1600	665	46786
CGG3017468	Potamogeton	1600	59043	13228
CGG3017468	Potentilla	1600	25805	23204
CGG3017468	Puccinellia	1600	373	13648
CGG3017468	Ranunculus	1600	2912	3445
CGG3017468	Rosa	1600	299	3764
CGG3017468	Rumex	1600	152	3618
CGG3017468	Salix	1600	13483	40685
CGG3017468	Saxifraga	1600	16966	3798
CGG3017468	Scirpus	1600	1939	46334
CGG3017468	Sorbus	1600	7574	23222
CGG3017468	Stuckenia	1600	104979	246706
CGG3017468	Thymus	1600	1913	49990
CGG3017468	Triticum	1600	239	4564
CGG3017468	Trollius	1600	10265	39245
CGG3017468	Utricularia	1600	592	13747
CGG3017468	Vaccinium	1600	1900	13749
CGG3017468	Veratrum	1600	61169	50241
CGG3017468	Zannichellia	1600	1321	27253
CGG3017472	Agrostis	1566	3426	15297
CGG3017472	Alchemilla	1566	733	23138
CGG3017472	Alopecurus	1566	1245	15303
CGG3017472	Ambrosia	1566	4365	4211
CGG3017472	Anemone	1566	1001	22868
CGG3017472	Angelica	1566	26026	40948
CGG3017472	Antennaria	1566	8098	41475
CGG3017472	Armeria	1566	126	63086
CGG3017472	Auxenochlorella	1566	104	191392
CGG3017472	Betula	1566	310	3504
CGG3017472	Bison	1566	598	9900
CGG3017472	Bistorta	1566	2713	137670
CGG3017472	Bos	1566	206	9903
CGG3017472	Brachypodium	1566	210	15367
CGG3017472	Bromus	1566	340	4501
CGG3017472	Calamagrostis	1566	398	15376
CGG3017472	Callitriche	1566	3499	13380
CGG3017472	Caltha	1566	14799	3448
CGG3017472	Campanula	1566	101	40568
CGG3017472	Capsella	1566	126	3718
CGG3017472	Carex	1566	473346	13398
CGG3017472	Catabrosa	1566	697	368337
CGG3017472	Ceratophyllum	1566	449	4427
CGG3017472	Chironomus	1566	185	7150
CGG3017472	Comarum	1566	4182	395100
CGG3017472	Cornus	1566	346	4281
CGG3017472	Corylus	1566	377	13450
CGG3017472	Cota	1566	526	282214
CGG3017472	Cricetulus	1566	175	10028
CGG3017472	Deschampsia	1566	796	15452
CGG3017472	Drosera	1566	154131	4363
CGG3017472	Dryas	1566	136	48230
CGG3017472	Elatine	1566	1884	125026
CGG3017472	Eleocharis	1566	1644	46324
CGG3017472	Empetrum	1566	120	45918
CGG3017472	Epilobium	1566	3541	13054
CGG3017472	Equisetum	1566	19761	3257
CGG3017472	Eriophorum	1566	641	46326
CGG3017472	Euphrasia	1566	255	46053
CGG3017472	Festuca	1566	5526	4605
CGG3017472	Filipendula	1566	9818	23170
CGG3017472	Fragaria	1566	2563	3746
CGG3017472	Gadus	1566	905	8048
CGG3017472	Galium	1566	220	25168
CGG3017472	Gasterosteus	1566	229	69292
CGG3017472	Glyceria	1566	110	37871
CGG3017472	Haloragis	1566	166	40010
CGG3017472	Helictochloa	1566	163	1155210
CGG3017472	Hippuris	1566	547	39200
CGG3017472	Hordeum	1566	807	4512
CGG3017472	Isoetes	1566	24058	13838
CGG3017472	Juncus	1566	316	13578
CGG3017472	Lemna	1566	20763	4469
CGG3017472	Lipotes	1566	127	118796
CGG3017472	Littorella	1566	516	223166
CGG3017472	Lolium	1566	2151	4520
CGG3017472	Lumbricus	1566	266	6397
CGG3017472	Luzula	1566	6377	46322
CGG3017472	Malus	1566	1210	3749
CGG3017472	Menyanthes	1566	12379	24581
CGG3017472	Micranthes	1566	125	759618
CGG3017472	Minuartia	1566	345	258339
CGG3017472	Mychonastes	1566	176	91354
CGG3017472	Myosotis	1566	108	192333
CGG3017472	Myriophyllum	1566	10920013	24952
CGG3017472	Ovis	1566	581	9935
CGG3017472	Pedicularis	1566	269	43174
CGG3017472	Penthorum	1566	149	23261
CGG3017472	Phalaris	1566	396	15740
CGG3017472	Phasianus	1566	437	9053
CGG3017472	Phegopteris	1566	315397	93618
CGG3017472	Picea	1566	172	3328
CGG3017472	Pinguicula	1566	394	4197
CGG3017472	Plantago	1566	116	26867
CGG3017472	Poa	1566	5823	4544
CGG3017472	Polygonum	1566	1218	46786
CGG3017472	Potamogeton	1566	107132	13228
CGG3017472	Potentilla	1566	12592	23204
CGG3017472	Prunus	1566	229	3754
CGG3017472	Puccinellia	1566	826	13648
CGG3017472	Ranunculus	1566	6883	3445
CGG3017472	Rhinanthus	1566	318	46059
CGG3017472	Rosa	1566	211	3764
CGG3017472	Rumex	1566	401	3618
CGG3017472	Salix	1566	5522	40685
CGG3017472	Saxifraga	1566	7900	3798
CGG3017472	Scirpus	1566	783	46334
CGG3017472	Scrophularia	1566	117	39249
CGG3017472	Sorbus	1566	6357	23222
CGG3017472	Stuckenia	1566	204893	246706
CGG3017472	Thymus	1566	4169	49990
CGG3017472	Triticum	1566	416	4564
CGG3017472	Trollius	1566	8638	39245
CGG3017472	Utricularia	1566	1735	13747
CGG3017472	Vaccinium	1566	2175	13749
CGG3017472	Veratrum	1566	42333	50241
CGG3017472	Veronica	1566	132	4173
CGG3017472	Viola	1566	333	13757
CGG3017472	Zannichellia	1566	2716	27253
CGG3017475	Agrostis	1490	1600	15297
CGG3017475	Alchemilla	1490	1649	23138
CGG3017475	Ambrosia	1490	375	4211
CGG3017475	Anas	1490	161	8835
CGG3017475	Anemone	1490	3428	22868
CGG3017475	Angelica	1490	54122	40948
CGG3017475	Antennaria	1490	15203	41475
CGG3017475	Anthriscus	1490	427	40886
CGG3017475	Betula	1490	243	3504
CGG3017475	Bison	1490	532	9900
CGG3017475	Bistorta	1490	5862	137670
CGG3017475	Bos	1490	195	9903
CGG3017475	Braya	1490	679	97987
CGG3017475	Bromus	1490	214	4501
CGG3017475	Calamagrostis	1490	288	15376
CGG3017475	Callitriche	1490	4994	13380
CGG3017475	Caltha	1490	25015	3448
CGG3017475	Campanula	1490	123	40568
CGG3017475	Capsella	1490	140	3718
CGG3017475	Carex	1490	1062057	13398
CGG3017475	Catabrosa	1490	993	368337
CGG3017475	Ceratophyllum	1490	523	4427
CGG3017475	Chlorella	1490	179	3071
CGG3017475	Comarum	1490	885	395100
CGG3017475	Cornus	1490	1569	4281
CGG3017475	Cota	1490	1132	282214
CGG3017475	Deschampsia	1490	177	15452
CGG3017475	Drosera	1490	300041	4363
CGG3017475	Dryas	1490	164	48230
CGG3017475	Elatine	1490	3587	125026
CGG3017475	Eleocharis	1490	3927	46324
CGG3017475	Empetrum	1490	255	45918
CGG3017475	Epilobium	1490	9497	13054
CGG3017475	Equisetum	1490	7736	3257
CGG3017475	Eriophorum	1490	900	46326
CGG3017475	Erysimum	1490	2090	65352
CGG3017475	Euphrasia	1490	306	46053
CGG3017475	Festuca	1490	3273	4605
CGG3017475	Filipendula	1490	11931	23170
CGG3017475	Fragaria	1490	1288	3746
CGG3017475	Galium	1490	225	25168
CGG3017475	Gasterosteus	1490	427	69292
CGG3017475	Helictochloa	1490	397	1155210
CGG3017475	Hippuris	1490	958	39200
CGG3017475	Hordeum	1490	689	4512
CGG3017475	Isoetes	1490	3753	13838
CGG3017475	Juncus	1490	229	13578
CGG3017475	Lemna	1490	53691	4469
CGG3017475	Ligusticum	1490	422	49551
CGG3017475	Littorella	1490	484	223166
CGG3017475	Lolium	1490	1268	4520
CGG3017475	Luzula	1490	26824	46322
CGG3017475	Malus	1490	5243	3749
CGG3017475	Menyanthes	1490	4883	24581
CGG3017475	Minuartia	1490	163	258339
CGG3017475	Myosotis	1490	135	192333
CGG3017475	Myriophyllum	1490	28657815	24952
CGG3017475	Ovis	1490	428	9935
CGG3017475	Pedicularis	1490	899	43174
CGG3017475	Phasianus	1490	794	9053
CGG3017475	Phegopteris	1490	759027	93618
CGG3017475	Picea	1490	627	3328
CGG3017475	Pinguicula	1490	639	4197
CGG3017475	Poa	1490	19185	4544
CGG3017475	Polygonum	1490	867	46786
CGG3017475	Potamogeton	1490	275956	13228
CGG3017475	Potentilla	1490	26338	23204
CGG3017475	Puccinellia	1490	1851	13648
CGG3017475	Puschkinia	1490	1871	81791
CGG3017475	Ranunculus	1490	228	3445
CGG3017475	Rhinanthus	1490	392	46059
CGG3017475	Rosa	1490	101	3764
CGG3017475	Rumex	1490	295	3618
CGG3017475	Saccoglossus	1490	111	10222
CGG3017475	Salix	1490	12472	40685
CGG3017475	Saxifraga	1490	15541	3798
CGG3017475	Scilla	1490	303	4701
CGG3017475	Scirpus	1490	2264	46334
CGG3017475	Sorbus	1490	14463	23222
CGG3017475	Stuckenia	1490	477035	246706
CGG3017475	Taraxacum	1490	124	49743
CGG3017475	Thymus	1490	9916	49990
CGG3017475	Trichophorum	1490	593	76514
CGG3017475	Triticum	1490	507	4564
CGG3017475	Trollius	1490	14745	39245
CGG3017475	Utricularia	1490	1506	13747
CGG3017475	Vaccinium	1490	3561	13749
CGG3017475	Veratrum	1490	97036	50241
CGG3017475	Veronica	1490	139	4173
CGG3017475	Viola	1490	128	13757
CGG3017475	Zannichellia	1490	3446	27253
CGG3017479	Agrostis	1461	617	15297
CGG3017479	Alchemilla	1461	895	23138
CGG3017479	Ambrosia	1461	796	4211
CGG3017479	Anas	1461	224	8835
CGG3017479	Angelica	1461	18947	40948
CGG3017479	Antennaria	1461	5850	41475
CGG3017479	Betula	1461	147	3504
CGG3017479	Bison	1461	157	9900
CGG3017479	Bistorta	1461	166	137670
CGG3017479	Callitriche	1461	2405	13380
CGG3017479	Caltha	1461	8902	3448
CGG3017479	Carex	1461	308480	13398
CGG3017479	Catabrosa	1461	533	368337
CGG3017479	Ceratophyllum	1461	106	4427
CGG3017479	Chironomus	1461	100	7150
CGG3017479	Comarum	1461	393	395100
CGG3017479	Cornus	1461	416	4281
CGG3017479	Cota	1461	525	282214
CGG3017479	Deschampsia	1461	382	15452
CGG3017479	Drosera	1461	109653	4363
CGG3017479	Elatine	1461	1474	125026
CGG3017479	Eleocharis	1461	2647	46324
CGG3017479	Empetrum	1461	203	45918
CGG3017479	Epilobium	1461	3440	13054
CGG3017479	Equisetum	1461	4104	3257
CGG3017479	Eriophorum	1461	209	46326
CGG3017479	Erysimum	1461	939	65352
CGG3017479	Euphrasia	1461	101	46053
CGG3017479	Festuca	1461	1523	4605
CGG3017479	Filipendula	1461	5407	23170
CGG3017479	Fragaria	1461	689	3746
CGG3017479	Gasterosteus	1461	273	69292
CGG3017479	Hammarbya	1461	322	1155242
CGG3017479	Helictochloa	1461	311	1155210
CGG3017479	Hippuris	1461	535	39200
CGG3017479	Hordeum	1461	161	4512
CGG3017479	Isoetes	1461	11849	13838
CGG3017479	Lemna	1461	16330	4469
CGG3017479	Ligusticum	1461	126	49551
CGG3017479	Littorella	1461	183	223166
CGG3017479	Lolium	1461	744	4520
CGG3017479	Luzula	1461	1259	46322
CGG3017479	Malus	1461	1239	3749
CGG3017479	Menyanthes	1461	7492	24581
CGG3017479	Myriophyllum	1461	6994837	24952
CGG3017479	Pedicularis	1461	159	43174
CGG3017479	Phasianus	1461	299	9053
CGG3017479	Phegopteris	1461	281672	93618
CGG3017479	Poa	1461	8035	4544
CGG3017479	Potamogeton	1461	267345	13228
CGG3017479	Potentilla	1461	8706	23204
CGG3017479	Prunus	1461	142	3754
CGG3017479	Puccinellia	1461	771	13648
CGG3017479	Puschkinia	1461	1474	81791
CGG3017479	Rhinanthus	1461	140	46059
CGG3017479	Salix	1461	4720	40685
CGG3017479	Saxifraga	1461	8177	3798
CGG3017479	Scilla	1461	599	4701
CGG3017479	Scirpus	1461	4027	46334
CGG3017479	Sorbus	1461	4665	23222
CGG3017479	Stuckenia	1461	106254	246706
CGG3017479	Thymus	1461	1570	49990
CGG3017479	Utricularia	1461	390	13747
CGG3017479	Vaccinium	1461	1062	13749
CGG3017479	Veratrum	1461	32281	50241
CGG3017479	Zannichellia	1461	1489	27253
CGG3017484	Agrostis	1422	1808	15297
CGG3017484	Alchemilla	1422	1025	23138
CGG3017484	Ambrosia	1422	269	4211
CGG3017484	Angelica	1422	48276	40948
CGG3017484	Antennaria	1422	11706	41475
CGG3017484	Anthemis	1422	107	99027
CGG3017484	Anthoxanthum	1422	103	15324
CGG3017484	Anthriscus	1422	580	40886
CGG3017484	Betula	1422	513	3504
CGG3017484	Bison	1422	348	9900
CGG3017484	Bistorta	1422	1118	137670
CGG3017484	Bos	1422	378	9903
CGG3017484	Calamagrostis	1422	231	15376
CGG3017484	Callitriche	1422	1898	13380
CGG3017484	Caltha	1422	24852	3448
CGG3017484	Capsella	1422	839	3718
CGG3017484	Carex	1422	381410	13398
CGG3017484	Catabrosa	1422	278	368337
CGG3017484	Ceratophyllum	1422	268	4427
CGG3017484	Comarum	1422	3937	395100
CGG3017484	Cornus	1422	1288	4281
CGG3017484	Corylus	1422	786	13450
CGG3017484	Deschampsia	1422	109	15452
CGG3017484	Drosera	1422	291720	4363
CGG3017484	Dryas	1422	400	48230
CGG3017484	Elatine	1422	1507	125026
CGG3017484	Eleocharis	1422	18508	46324
CGG3017484	Empetrum	1422	288	45918
CGG3017484	Epilobium	1422	7603	13054
CGG3017484	Equisetum	1422	8667	3257
CGG3017484	Eriophorum	1422	165	46326
CGG3017484	Erysimum	1422	9822	65352
CGG3017484	Euphrasia	1422	293	46053
CGG3017484	Festuca	1422	2394	4605
CGG3017484	Filipendula	1422	451	23170
CGG3017484	Fragaria	1422	2611	3746
CGG3017484	Galium	1422	223	25168
CGG3017484	Gasterosteus	1422	287	69292
CGG3017484	Glyceria	1422	207	37871
CGG3017484	Helictochloa	1422	142	1155210
CGG3017484	Hippuris	1422	370	39200
CGG3017484	Hordeum	1422	6883	4512
CGG3017484	Hydra	1422	309	6083
CGG3017484	Isoetes	1422	5329	13838
CGG3017484	Juncus	1422	156	13578
CGG3017484	Lemna	1422	30125	4469
CGG3017484	Littorella	1422	887	223166
CGG3017484	Lolium	1422	1316	4520
CGG3017484	Lumbricus	1422	131	6397
CGG3017484	Luzula	1422	4420	46322
CGG3017484	Malus	1422	4048	3749
CGG3017484	Menyanthes	1422	7171	24581
CGG3017484	Micranthes	1422	163	759618
CGG3017484	Minuartia	1422	250	258339
CGG3017484	Myriophyllum	1422	21890018	24952
CGG3017484	Ovis	1422	415	9935
CGG3017484	Pedicularis	1422	410	43174
CGG3017484	Penthorum	1422	189	23261
CGG3017484	Phasianus	1422	497	9053
CGG3017484	Phegopteris	1422	1074519	93618
CGG3017484	Picea	1422	585	3328
CGG3017484	Pinguicula	1422	332	4197
CGG3017484	Poa	1422	20106	4544
CGG3017484	Polygonum	1422	684	46786
CGG3017484	Potamogeton	1422	174310	13228
CGG3017484	Potentilla	1422	41554	23204
CGG3017484	Puccinellia	1422	4658	13648
CGG3017484	Puschkinia	1422	2110	81791
CGG3017484	Ranunculus	1422	706	3445
CGG3017484	Rhinanthus	1422	309	46059
CGG3017484	Rosa	1422	302	3764
CGG3017484	Rumex	1422	337	3618
CGG3017484	Sagina	1422	101	230723
CGG3017484	Salix	1422	14144	40685
CGG3017484	Saxifraga	1422	16976	3798
CGG3017484	Scilla	1422	3460	4701
CGG3017484	Scirpus	1422	666	46334
CGG3017484	Sorbus	1422	12183	23222
CGG3017484	Stuckenia	1422	83835	246706
CGG3017484	Thymus	1422	5302	49990
CGG3017484	Triticum	1422	275	4564
CGG3017484	Trollius	1422	15887	39245
CGG3017484	Utricularia	1422	1444	13747
CGG3017484	Vaccinium	1422	322	13749
CGG3017484	Veratrum	1422	78521	50241
CGG3017484	Veronica	1422	146	4173
CGG3017484	Zannichellia	1422	3003	27253
CGG3017485	Agrostis	1413	537	15297
CGG3017485	Alchemilla	1413	213	23138
CGG3017485	Angelica	1413	13010	40948
CGG3017485	Antennaria	1413	3973	41475
CGG3017485	Bos	1413	100	9903
CGG3017485	Calamagrostis	1413	275	15376
CGG3017485	Callitriche	1413	1728	13380
CGG3017485	Caltha	1413	6323	3448
CGG3017485	Carex	1413	437645	13398
CGG3017485	Catabrosa	1413	223	368337
CGG3017485	Comarum	1413	1537	395100
CGG3017485	Cornus	1413	303	4281
CGG3017485	Cota	1413	363	282214
CGG3017485	Deschampsia	1413	524	15452
CGG3017485	Drosera	1413	77524	4363
CGG3017485	Elatine	1413	690	125026
CGG3017485	Eleocharis	1413	1637	46324
CGG3017485	Epilobium	1413	2338	13054
CGG3017485	Equisetum	1413	1620	3257
CGG3017485	Eriophorum	1413	547	46326
CGG3017485	Erysimum	1413	3523	65352
CGG3017485	Euphrasia	1413	285	46053
CGG3017485	Festuca	1413	754	4605
CGG3017485	Filipendula	1413	856	23170
CGG3017485	Fragaria	1413	1355	3746
CGG3017485	Galium	1413	138	25168
CGG3017485	Hammarbya	1413	210	1155242
CGG3017485	Hippuris	1413	262	39200
CGG3017485	Isoetes	1413	1606	13838
CGG3017485	Lemna	1413	11848	4469
CGG3017485	Lolium	1413	538	4520
CGG3017485	Luzula	1413	5606	46322
CGG3017485	Malus	1413	640	3749
CGG3017485	Menyanthes	1413	5561	24581
CGG3017485	Myriophyllum	1413	4165710	24952
CGG3017485	Ovis	1413	319	9935
CGG3017485	Phalaris	1413	163	15740
CGG3017485	Phasianus	1413	289	9053
CGG3017485	Picea	1413	125	3328
CGG3017485	Pinguicula	1413	102	4197
CGG3017485	Poa	1413	7598	4544
CGG3017485	Potamogeton	1413	88599	13228
CGG3017485	Potentilla	1413	6211	23204
CGG3017485	Puccinellia	1413	906	13648
CGG3017485	Puschkinia	1413	1540	81791
CGG3017485	Ranunculus	1413	120	3445
CGG3017485	Rosa	1413	103	3764
CGG3017485	Salix	1413	5764	40685
CGG3017485	Saxifraga	1413	7739	3798
CGG3017485	Scirpus	1413	1070	46334
CGG3017485	Sorbus	1413	3051	23222
CGG3017485	Stuckenia	1413	388791	246706
CGG3017485	Thymus	1413	1163	49990
CGG3017485	Trichophorum	1413	617	76514
CGG3017485	Trollius	1413	4300	39245
CGG3017485	Utricularia	1413	469	13747
CGG3017485	Vaccinium	1413	1757	13749
CGG3017485	Veratrum	1413	21001	50241
CGG3017485	Zannichellia	1413	1233	27253
CGG3017486	Actaea	1403.5	120	46988
CGG3017486	Agrostis	1403.5	1217	15297
CGG3017486	Alchemilla	1403.5	416	23138
CGG3017486	Angelica	1403.5	28799	40948
CGG3017486	Antennaria	1403.5	7494	41475
CGG3017486	Anthriscus	1403.5	694	40886
CGG3017486	Betula	1403.5	171	3504
CGG3017486	Bison	1403.5	168	9900
CGG3017486	Bistorta	1403.5	505	137670
CGG3017486	Bos	1403.5	108	9903
CGG3017486	Braya	1403.5	164	97987
CGG3017486	Calamagrostis	1403.5	918	15376
CGG3017486	Callitriche	1403.5	3081	13380
CGG3017486	Caltha	1403.5	14659	3448
CGG3017486	Carex	1403.5	111076	13398
CGG3017486	Catabrosa	1403.5	560	368337
CGG3017486	Chlorella	1403.5	103	3071
CGG3017486	Comarum	1403.5	513	395100
CGG3017486	Cornus	1403.5	1021	4281
CGG3017486	Cota	1403.5	237	282214
CGG3017486	Deschampsia	1403.5	255	15452
CGG3017486	Drosera	1403.5	177094	4363
CGG3017486	Elatine	1403.5	933	125026
CGG3017486	Eleocharis	1403.5	4088	46324
CGG3017486	Epilobium	1403.5	5121	13054
CGG3017486	Equisetum	1403.5	3656	3257
CGG3017486	Eriophorum	1403.5	234	46326
CGG3017486	Erysimum	1403.5	3604	65352
CGG3017486	Festuca	1403.5	1113	4605
CGG3017486	Filipendula	1403.5	217	23170
CGG3017486	Fragaria	1403.5	850	3746
CGG3017486	Hammarbya	1403.5	255	1155242
CGG3017486	Hippuris	1403.5	260	39200
CGG3017486	Hordeum	1403.5	149	4512
CGG3017486	Isoetes	1403.5	3857	13838
CGG3017486	Lemna	1403.5	26688	4469
CGG3017486	Littorella	1403.5	195	223166
CGG3017486	Lolium	1403.5	926	4520
CGG3017486	Luzula	1403.5	1114	46322
CGG3017486	Malus	1403.5	4147	3749
CGG3017486	Menyanthes	1403.5	3415	24581
CGG3017486	Myriophyllum	1403.5	10884442	24952
CGG3017486	Pedicularis	1403.5	237	43174
CGG3017486	Phasianus	1403.5	372	9053
CGG3017486	Phegopteris	1403.5	548319	93618
CGG3017486	Picea	1403.5	282	3328
CGG3017486	Pinguicula	1403.5	214	4197
CGG3017486	Poa	1403.5	11804	4544
CGG3017486	Polygonum	1403.5	188	46786
CGG3017486	Potamogeton	1403.5	229028	13228
CGG3017486	Potentilla	1403.5	19352	23204
CGG3017486	Prunus	1403.5	351	3754
CGG3017486	Puccinellia	1403.5	1903	13648
CGG3017486	Puschkinia	1403.5	2876	81791
CGG3017486	Ranunculus	1403.5	272	3445
CGG3017486	Rumex	1403.5	149	3618
CGG3017486	Salix	1403.5	322999	40685
CGG3017486	Saxifraga	1403.5	15476	3798
CGG3017486	Scilla	1403.5	882	4701
CGG3017486	Scirpus	1403.5	2549	46334
CGG3017486	Sorbus	1403.5	6839	23222
CGG3017486	Stellaria	1403.5	350	13273
CGG3017486	Stuckenia	1403.5	81488	246706
CGG3017486	Thymus	1403.5	2503	49990
CGG3017486	Triticum	1403.5	1771	4564
CGG3017486	Trollius	1403.5	3980	39245
CGG3017486	Utricularia	1403.5	1135	13747
CGG3017486	Veratrum	1403.5	47748	50241
CGG3017486	Veronica	1403.5	100	4173
CGG3017486	Zannichellia	1403.5	3870	27253
CGG3017487	Agrostis	1391	347	15297
CGG3017487	Alchemilla	1391	530	23138
CGG3017487	Angelica	1391	15816	40948
CGG3017487	Antennaria	1391	3763	41475
CGG3017487	Anthriscus	1391	265	40886
CGG3017487	Bistorta	1391	966	137670
CGG3017487	Callitriche	1391	743	13380
CGG3017487	Caltha	1391	8195	3448
CGG3017487	Carex	1391	58762	13398
CGG3017487	Catabrosa	1391	204	368337
CGG3017487	Comarum	1391	109	395100
CGG3017487	Cornus	1391	678	4281
CGG3017487	Deschampsia	1391	116	15452
CGG3017487	Drosera	1391	87661	4363
CGG3017487	Elatine	1391	491	125026
CGG3017487	Eleocharis	1391	442	46324
CGG3017487	Epilobium	1391	3316	13054
CGG3017487	Equisetum	1391	2030	3257
CGG3017487	Erysimum	1391	524	65352
CGG3017487	Festuca	1391	468	4605
CGG3017487	Filipendula	1391	235	23170
CGG3017487	Fragaria	1391	306	3746
CGG3017487	Hippuris	1391	123	39200
CGG3017487	Isoetes	1391	1720	13838
CGG3017487	Lemna	1391	11945	4469
CGG3017487	Littorella	1391	271	223166
CGG3017487	Lolium	1391	313	4520
CGG3017487	Malus	1391	1602	3749
CGG3017487	Menyanthes	1391	315	24581
CGG3017487	Myriophyllum	1391	6176757	24952
CGG3017487	Phasianus	1391	188	9053
CGG3017487	Phegopteris	1391	447191	93618
CGG3017487	Picea	1391	497	3328
CGG3017487	Poa	1391	2561	4544
CGG3017487	Potamogeton	1391	79250	13228
CGG3017487	Potentilla	1391	12639	23204
CGG3017487	Puccinellia	1391	362	13648
CGG3017487	Puschkinia	1391	567	81791
CGG3017487	Ranunculus	1391	170	3445
CGG3017487	Salix	1391	46948	40685
CGG3017487	Saxifraga	1391	18073	3798
CGG3017487	Scirpus	1391	284	46334
CGG3017487	Sorbus	1391	3760	23222
CGG3017487	Stuckenia	1391	32507	246706
CGG3017487	Thymus	1391	678	49990
CGG3017487	Trollius	1391	5278	39245
CGG3017487	Utricularia	1391	697	13747
CGG3017487	Vaccinium	1391	709	13749
CGG3017487	Veratrum	1391	26181	50241
CGG3017487	Zannichellia	1391	2609	27253
CGG3017488	Aegilops	1378	152	4480
CGG3017488	Agrostis	1378	2195	15297
CGG3017488	Alchemilla	1378	1447	23138
CGG3017488	Anas	1378	159	8835
CGG3017488	Angelica	1378	39314	40948
CGG3017488	Antennaria	1378	11656	41475
CGG3017488	Anthriscus	1378	780	40886
CGG3017488	Betula	1378	507	3504
CGG3017488	Bison	1378	368	9900
CGG3017488	Bistorta	1378	5398	137670
CGG3017488	Bos	1378	271	9903
CGG3017488	Bromus	1378	2494	4501
CGG3017488	Calamagrostis	1378	336	15376
CGG3017488	Callitriche	1378	2685	13380
CGG3017488	Caltha	1378	20355	3448
CGG3017488	Carex	1378	864237	13398
CGG3017488	Catabrosa	1378	342	368337
CGG3017488	Ceratophyllum	1378	473	4427
CGG3017488	Chironomus	1378	165	7150
CGG3017488	Comarum	1378	1276	395100
CGG3017488	Cornus	1378	783	4281
CGG3017488	Corylus	1378	215	13450
CGG3017488	Cota	1378	194	282214
CGG3017488	Dactylis	1378	270	4508
CGG3017488	Deschampsia	1378	123	15452
CGG3017488	Drosera	1378	238908	4363
CGG3017488	Dryas	1378	310	48230
CGG3017488	Elatine	1378	2181	125026
CGG3017488	Eleocharis	1378	8659	46324
CGG3017488	Elymus	1378	201	15492
CGG3017488	Empetrum	1378	284	45918
CGG3017488	Epilobium	1378	5578	13054
CGG3017488	Equisetum	1378	8314	3257
CGG3017488	Eriophorum	1378	247	46326
CGG3017488	Erysimum	1378	2212	65352
CGG3017488	Euphrasia	1378	234	46053
CGG3017488	Festuca	1378	16463	4605
CGG3017488	Filipendula	1378	1482	23170
CGG3017488	Fragaria	1378	1345	3746
CGG3017488	Galium	1378	104	25168
CGG3017488	Glyceria	1378	227	37871
CGG3017488	Haloragis	1378	221	40010
CGG3017488	Hammarbya	1378	258	1155242
CGG3017488	Helictochloa	1378	1042	1155210
CGG3017488	Hippuris	1378	533	39200
CGG3017488	Hordeum	1378	963	4512
CGG3017488	Isoetes	1378	7688	13838
CGG3017488	Juncus	1378	570	13578
CGG3017488	Lemna	1378	28073	4469
CGG3017488	Littorella	1378	345	223166
CGG3017488	Lolium	1378	2588	4520
CGG3017488	Lumbricus	1378	104	6397
CGG3017488	Luzula	1378	384	46322
CGG3017488	Malus	1378	2652	3749
CGG3017488	Menyanthes	1378	5414	24581
CGG3017488	Micranthes	1378	126	759618
CGG3017488	Minuartia	1378	210	258339
CGG3017488	Myosotis	1378	169	192333
CGG3017488	Myriophyllum	1378	17804790	24952
CGG3017488	Oreojuncus	1378	353	1674043
CGG3017488	Ovis	1378	152	9935
CGG3017488	Pedicularis	1378	654	43174
CGG3017488	Penthorum	1378	272	23261
CGG3017488	Phasianus	1378	733	9053
CGG3017488	Phegopteris	1378	302383	93618
CGG3017488	Pinguicula	1378	475	4197
CGG3017488	Poa	1378	7343	4544
CGG3017488	Polygonum	1378	2911	46786
CGG3017488	Potamogeton	1378	113302	13228
CGG3017488	Potentilla	1378	24445	23204
CGG3017488	Prunus	1378	279	3754
CGG3017488	Puccinellia	1378	1174	13648
CGG3017488	Puschkinia	1378	451	81791
CGG3017488	Ranunculus	1378	644	3445
CGG3017488	Rosa	1378	192	3764
CGG3017488	Rumex	1378	536	3618
CGG3017488	Salix	1378	7935	40685
CGG3017488	Saxifraga	1378	10656	3798
CGG3017488	Scilla	1378	347	4701
CGG3017488	Scirpus	1378	2390	46334
CGG3017488	Sorbus	1378	9142	23222
CGG3017488	Stellaria	1378	280	13273
CGG3017488	Stuckenia	1378	71514	246706
CGG3017488	Thymus	1378	7042	49990
CGG3017488	Triticum	1378	915	4564
CGG3017488	Trollius	1378	12859	39245
CGG3017488	Utricularia	1378	1292	13747
CGG3017488	Vaccinium	1378	3814	13749
CGG3017488	Veratrum	1378	64101	50241
CGG3017488	Viola	1378	468	13757
CGG3017488	Zannichellia	1378	5620	27253
CGG3017493	Aegilops	1312	1780	4480
CGG3017493	Agropyron	1312	267	4592
CGG3017493	Agrostis	1312	4420	15297
CGG3017493	Alchemilla	1312	4014	23138
CGG3017493	Alnus	1312	124	3515
CGG3017493	Alopecurus	1312	3196	15303
CGG3017493	Ambrosia	1312	239	4211
CGG3017493	Anas	1312	158	8835
CGG3017493	Angelica	1312	16613	40948
CGG3017493	Antennaria	1312	5437	41475
CGG3017493	Anthriscus	1312	376	40886
CGG3017493	Armeria	1312	375	63086
CGG3017493	Betula	1312	1766	3504
CGG3017493	Bison	1312	592	9900
CGG3017493	Bistorta	1312	4726	137670
CGG3017493	Bos	1312	330	9903
CGG3017493	Brachypodium	1312	207	15367
CGG3017493	Bromus	1312	494	4501
CGG3017493	Calamagrostis	1312	915	15376
CGG3017493	Callitriche	1312	716	13380
CGG3017493	Caltha	1312	12671	3448
CGG3017493	Campanula	1312	105	40568
CGG3017493	Capsella	1312	504	3718
CGG3017493	Carex	1312	198242	13398
CGG3017493	Carpinus	1312	403	12989
CGG3017493	Catabrosa	1312	1182	368337
CGG3017493	Ceratophyllum	1312	654	4427
CGG3017493	Chironomus	1312	113	7150
CGG3017493	Chlorella	1312	166	3071
CGG3017493	Comarum	1312	2698	395100
CGG3017493	Cornus	1312	143	4281
CGG3017493	Corylus	1312	1252	13450
CGG3017493	Cricetulus	1312	148	10028
CGG3017493	Deschampsia	1312	187	15452
CGG3017493	Drosera	1312	80598	4363
CGG3017493	Dryas	1312	379	48230
CGG3017493	Elatine	1312	1955	125026
CGG3017493	Eleocharis	1312	9917	46324
CGG3017493	Elymus	1312	4337	15492
CGG3017493	Empetrum	1312	1624	45918
CGG3017493	Epilobium	1312	2740	13054
CGG3017493	Equisetum	1312	7635	3257
CGG3017493	Equus	1312	156	9789
CGG3017493	Eriophorum	1312	354	46326
CGG3017493	Erysimum	1312	11273	65352
CGG3017493	Euphrasia	1312	263	46053
CGG3017493	Festuca	1312	4851	4605
CGG3017493	Filipendula	1312	2919	23170
CGG3017493	Fragaria	1312	2779	3746
CGG3017493	Galium	1312	225	25168
CGG3017493	Geranium	1312	101	4028
CGG3017493	Haloragis	1312	142	40010
CGG3017493	Hammarbya	1312	292	1155242
CGG3017493	Helictochloa	1312	594	1155210
CGG3017493	Hippuris	1312	225	39200
CGG3017493	Hordeum	1312	6559	4512
CGG3017493	Isoetes	1312	5579	13838
CGG3017493	Juglans	1312	104	16718
CGG3017493	Juncus	1312	439	13578
CGG3017493	Lemna	1312	6499	4469
CGG3017493	Leymus	1312	451	52713
CGG3017493	Littorella	1312	490	223166
CGG3017493	Lolium	1312	2584	4520
CGG3017493	Luzula	1312	156	46322
CGG3017493	Malus	1312	896	3749
CGG3017493	Melampyrum	1312	102	52724
CGG3017493	Menyanthes	1312	2731	24581
CGG3017493	Minuartia	1312	278	258339
CGG3017493	Myosotis	1312	267	192333
CGG3017493	Myriophyllum	1312	6301496	24952
CGG3017493	Ovis	1312	947	9935
CGG3017493	Pedicularis	1312	622	43174
CGG3017493	Phasianus	1312	586	9053
CGG3017493	Phegopteris	1312	340045	93618
CGG3017493	Pinguicula	1312	423	4197
CGG3017493	Plantago	1312	123	26867
CGG3017493	Poa	1312	24161	4544
CGG3017493	Polygonum	1312	3938	46786
CGG3017493	Populus	1312	646	3689
CGG3017493	Potamogeton	1312	222123	13228
CGG3017493	Potentilla	1312	20198	23204
CGG3017493	Prunus	1312	447	3754
CGG3017493	Puccinellia	1312	3803	13648
CGG3017493	Puschkinia	1312	2566	81791
CGG3017493	Ranunculus	1312	2041	3445
CGG3017493	Rhinanthus	1312	16608	46059
CGG3017493	Rosa	1312	482	3764
CGG3017493	Rumex	1312	675	3618
CGG3017493	Salix	1312	3120	40685
CGG3017493	Saxifraga	1312	37323	3798
CGG3017493	Scilla	1312	4107	4701
CGG3017493	Scirpus	1312	1056	46334
CGG3017493	Scrophularia	1312	109	39249
CGG3017493	Sorbus	1312	4162	23222
CGG3017493	Stellaria	1312	531	13273
CGG3017493	Stuckenia	1312	82566	246706
CGG3017493	Sus	1312	419	9822
CGG3017493	Taraxacum	1312	102	49743
CGG3017493	Thymus	1312	8313	49990
CGG3017493	Triticum	1312	3433	4564
CGG3017493	Utricularia	1312	1580	13747
CGG3017493	Vaccinium	1312	2047	13749
CGG3017493	Veratrum	1312	18783	50241
CGG3017493	Veronica	1312	125	4173
CGG3017493	Viola	1312	198	13757
CGG3017493	Zannichellia	1312	2403	27253
CGG3017497	Actaea	1260	1575	46988
CGG3017497	Aegilops	1260	241	4480
CGG3017497	Agrostis	1260	3516	15297
CGG3017497	Alchemilla	1260	1926	23138
CGG3017497	Alopecurus	1260	1881	15303
CGG3017497	Angelica	1260	9322	40948
CGG3017497	Anser	1260	116	8842
CGG3017497	Antennaria	1260	3396	41475
CGG3017497	Anthriscus	1260	127	40886
CGG3017497	Armeria	1260	798	63086
CGG3017497	Avena	1260	108	4496
CGG3017497	Betula	1260	2341	3504
CGG3017497	Bison	1260	299	9900
CGG3017497	Bistorta	1260	7460	137670
CGG3017497	Bos	1260	308	9903
CGG3017497	Brachypodium	1260	280	15367
CGG3017497	Braya	1260	101	97987
CGG3017497	Bromus	1260	310	4501
CGG3017497	Calamagrostis	1260	353	15376
CGG3017497	Callitriche	1260	1581	13380
CGG3017497	Caltha	1260	6034	3448
CGG3017497	Capsella	1260	202	3718
CGG3017497	Carex	1260	63668	13398
CGG3017497	Carpinus	1260	606	12989
CGG3017497	Catabrosa	1260	885	368337
CGG3017497	Ceratophyllum	1260	536	4427
CGG3017497	Chironomus	1260	168	7150
CGG3017497	Comarum	1260	1255	395100
CGG3017497	Corylus	1260	1733	13450
CGG3017497	Cota	1260	219	282214
CGG3017497	Cricetulus	1260	146	10028
CGG3017497	Cynoglossum	1260	100	181188
CGG3017497	Deschampsia	1260	232	15452
CGG3017497	Drosera	1260	39562	4363
CGG3017497	Elatine	1260	1129	125026
CGG3017497	Eleocharis	1260	1817	46324
CGG3017497	Elymus	1260	231	15492
CGG3017497	Empetrum	1260	1217	45918
CGG3017497	Epilobium	1260	1544	13054
CGG3017497	Equisetum	1260	5255	3257
CGG3017497	Eriophorum	1260	397	46326
CGG3017497	Erysimum	1260	1984	65352
CGG3017497	Festuca	1260	4404	4605
CGG3017497	Filipendula	1260	5543	23170
CGG3017497	Fragaria	1260	2183	3746
CGG3017497	Galium	1260	229	25168
CGG3017497	Geranium	1260	137	4028
CGG3017497	Hammarbya	1260	426	1155242
CGG3017497	Helictochloa	1260	602	1155210
CGG3017497	Hippuris	1260	138	39200
CGG3017497	Hordeum	1260	5527	4512
CGG3017497	Hydra	1260	169	6083
CGG3017497	Isoetes	1260	44505	13838
CGG3017497	Juncus	1260	496	13578
CGG3017497	Lemna	1260	6822	4469
CGG3017497	Littorella	1260	824	223166
CGG3017497	Lolium	1260	3213	4520
CGG3017497	Luzula	1260	534	46322
CGG3017497	Malus	1260	350	3749
CGG3017497	Melampyrum	1260	142	52724
CGG3017497	Menyanthes	1260	5043	24581
CGG3017497	Micranthes	1260	178	759618
CGG3017497	Minuartia	1260	188	258339
CGG3017497	Myosotis	1260	136	192333
CGG3017497	Myriophyllum	1260	2626477	24952
CGG3017497	Oreojuncus	1260	106	1674043
CGG3017497	Ovis	1260	1229	9935
CGG3017497	Parnassia	1260	201	3796
CGG3017497	Pedicularis	1260	137	43174
CGG3017497	Phasianus	1260	386	9053
CGG3017497	Phegopteris	1260	246183	93618
CGG3017497	Picea	1260	192	3328
CGG3017497	Pinguicula	1260	425	4197
CGG3017497	Poa	1260	15593	4544
CGG3017497	Polygonum	1260	3939	46786
CGG3017497	Populus	1260	631	3689
CGG3017497	Potamogeton	1260	168099	13228
CGG3017497	Potentilla	1260	13230	23204
CGG3017497	Prunus	1260	387	3754
CGG3017497	Puccinellia	1260	1032	13648
CGG3017497	Puschkinia	1260	213	81791
CGG3017497	Ranunculus	1260	1297	3445
CGG3017497	Rhinanthus	1260	1185	46059
CGG3017497	Rosa	1260	287	3764
CGG3017497	Rumex	1260	195	3618
CGG3017497	Saccoglossus	1260	156	10222
CGG3017497	Salix	1260	5036	40685
CGG3017497	Saxifraga	1260	27296	3798
CGG3017497	Scilla	1260	557	4701
CGG3017497	Scirpus	1260	994	46334
CGG3017497	Scrophularia	1260	101	39249
CGG3017497	Silene	1260	109	3573
CGG3017497	Sorbus	1260	2087	23222
CGG3017497	Stellaria	1260	141	13273
CGG3017497	Stuckenia	1260	93771	246706
CGG3017497	Sus	1260	1281	9822
CGG3017497	Thymus	1260	10967	49990
CGG3017497	Triticum	1260	1466	4564
CGG3017497	Utricularia	1260	1321	13747
CGG3017497	Vaccinium	1260	1599	13749
CGG3017497	Veratrum	1260	7329	50241
CGG3017497	Viola	1260	359	13757
CGG3017497	Zannichellia	1260	1694	27253
CGG3017501	Aegilops	1220	498	4480
CGG3017501	Agrostis	1220	6739	15297
CGG3017501	Alchemilla	1220	2326	23138
CGG3017501	Alopecurus	1220	1225	15303
CGG3017501	Angelica	1220	4960	40948
CGG3017501	Antennaria	1220	2520	41475
CGG3017501	Betula	1220	1628	3504
CGG3017501	Bison	1220	197	9900
CGG3017501	Bistorta	1220	2206	137670
CGG3017501	Bos	1220	243	9903
CGG3017501	Bromus	1220	679	4501
CGG3017501	Calamagrostis	1220	644	15376
CGG3017501	Callitriche	1220	198	13380
CGG3017501	Caltha	1220	7159	3448
CGG3017501	Campanula	1220	168	40568
CGG3017501	Capsella	1220	130	3718
CGG3017501	Carex	1220	12937	13398
CGG3017501	Carpinus	1220	288	12989
CGG3017501	Catabrosa	1220	751	368337
CGG3017501	Ceratophyllum	1220	104	4427
CGG3017501	Comarum	1220	1294	395100
CGG3017501	Corylus	1220	1596	13450
CGG3017501	Cystopteris	1220	112	32111
CGG3017501	Deschampsia	1220	236	15452
CGG3017501	Drosera	1220	23949	4363
CGG3017501	Elatine	1220	455	125026
CGG3017501	Eleocharis	1220	3323	46324
CGG3017501	Elymus	1220	352	15492
CGG3017501	Empetrum	1220	300	45918
CGG3017501	Epilobium	1220	703	13054
CGG3017501	Equisetum	1220	2508	3257
CGG3017501	Eriophorum	1220	301	46326
CGG3017501	Erysimum	1220	1364	65352
CGG3017501	Festuca	1220	3517	4605
CGG3017501	Filipendula	1220	1773	23170
CGG3017501	Fragaria	1220	1631	3746
CGG3017501	Galium	1220	131	25168
CGG3017501	Helictochloa	1220	247	1155210
CGG3017501	Hordeum	1220	11718	4512
CGG3017501	Isoetes	1220	2288	13838
CGG3017501	Juncus	1220	335	13578
CGG3017501	Lemna	1220	1214	4469
CGG3017501	Ligusticum	1220	384	49551
CGG3017501	Littorella	1220	384	223166
CGG3017501	Lolium	1220	2311	4520
CGG3017501	Luzula	1220	518	46322
CGG3017501	Malus	1220	313	3749
CGG3017501	Menyanthes	1220	705	24581
CGG3017501	Myriophyllum	1220	848959	24952
CGG3017501	Narthecium	1220	667	114203
CGG3017501	Oreojuncus	1220	102	1674043
CGG3017501	Otomesostoma	1220	504	2037768
CGG3017501	Ovis	1220	644	9935
CGG3017501	Pedicularis	1220	116	43174
CGG3017501	Phasianus	1220	250	9053
CGG3017501	Phegopteris	1220	144254	93618
CGG3017501	Pinguicula	1220	148	4197
CGG3017501	Poa	1220	7385	4544
CGG3017501	Polygonum	1220	6461	46786
CGG3017501	Populus	1220	260	3689
CGG3017501	Potamogeton	1220	93728	13228
CGG3017501	Potentilla	1220	9159	23204
CGG3017501	Prunus	1220	111	3754
CGG3017501	Puccinellia	1220	278	13648
CGG3017501	Ranunculus	1220	3102	3445
CGG3017501	Rhinanthus	1220	952	46059
CGG3017501	Rosa	1220	222	3764
CGG3017501	Rumex	1220	147	3618
CGG3017501	Salix	1220	2144	40685
CGG3017501	Saxifraga	1220	8892	3798
CGG3017501	Scirpus	1220	421	46334
CGG3017501	Sorbus	1220	946	23222
CGG3017501	Stellaria	1220	118	13273
CGG3017501	Stuckenia	1220	45652	246706
CGG3017501	Sus	1220	425	9822
CGG3017501	Taraxacum	1220	106	49743
CGG3017501	Thymus	1220	6890	49990
CGG3017501	Triticum	1220	741	4564
CGG3017501	Utricularia	1220	787	13747
CGG3017501	Vaccinium	1220	892	13749
CGG3017501	Veratrum	1220	4751	50241
CGG3017501	Zannichellia	1220	648	27253
CGG3017504	Aegilops	1201	643	4480
CGG3017504	Agrostis	1201	4322	15297
CGG3017504	Alchemilla	1201	2745	23138
CGG3017504	Alopecurus	1201	3476	15303
CGG3017504	Anas	1201	143	8835
CGG3017504	Angelica	1201	5691	40948
CGG3017504	Anser	1201	107	8842
CGG3017504	Antennaria	1201	1948	41475
CGG3017504	Armeria	1201	226	63086
CGG3017504	Avenella	1201	104	391960
CGG3017504	Betula	1201	3252	3504
CGG3017504	Bison	1201	313	9900
CGG3017504	Bistorta	1201	4010	137670
CGG3017504	Bos	1201	128	9903
CGG3017504	Brachypodium	1201	109	15367
CGG3017504	Bromus	1201	142	4501
CGG3017504	Calamagrostis	1201	604	15376
CGG3017504	Callitriche	1201	379	13380
CGG3017504	Caltha	1201	26097	3448
CGG3017504	Campanula	1201	248	40568
CGG3017504	Capsella	1201	153	3718
CGG3017504	Carex	1201	22293	13398
CGG3017504	Carpinus	1201	805	12989
CGG3017504	Catabrosa	1201	597	368337
CGG3017504	Comarum	1201	942	395100
CGG3017504	Corylus	1201	2645	13450
CGG3017504	Cricetulus	1201	101	10028
CGG3017504	Cynoglossum	1201	166	181188
CGG3017504	Dactylis	1201	151	4508
CGG3017504	Deschampsia	1201	262	15452
CGG3017504	Drosera	1201	19519	4363
CGG3017504	Elatine	1201	288	125026
CGG3017504	Eleocharis	1201	2194	46324
CGG3017504	Elymus	1201	378	15492
CGG3017504	Empetrum	1201	484	45918
CGG3017504	Epilobium	1201	638	13054
CGG3017504	Equisetum	1201	5450	3257
CGG3017504	Equus	1201	190	9789
CGG3017504	Eriophorum	1201	326	46326
CGG3017504	Erysimum	1201	2152	65352
CGG3017504	Euphrasia	1201	129	46053
CGG3017504	Festuca	1201	4871	4605
CGG3017504	Filipendula	1201	2407	23170
CGG3017504	Fragaria	1201	1682	3746
CGG3017504	Geranium	1201	334	4028
CGG3017504	Helictochloa	1201	340	1155210
CGG3017504	Hordeum	1201	17642	4512
CGG3017504	Isoetes	1201	1547	13838
CGG3017504	Juncus	1201	942	13578
CGG3017504	Lemna	1201	1585	4469
CGG3017504	Littorella	1201	374	223166
CGG3017504	Lolium	1201	2402	4520
CGG3017504	Luzula	1201	121	46322
CGG3017504	Malus	1201	384	3749
CGG3017504	Menyanthes	1201	1913	24581
CGG3017504	Myriophyllum	1201	1081057	24952
CGG3017504	Narthecium	1201	607	114203
CGG3017504	Oreojuncus	1201	150	1674043
CGG3017504	Otomesostoma	1201	214	2037768
CGG3017504	Ovis	1201	730	9935
CGG3017504	Pedicularis	1201	194	43174
CGG3017504	Phasianus	1201	226	9053
CGG3017504	Phegopteris	1201	115280	93618
CGG3017504	Pinguicula	1201	157	4197
CGG3017504	Plantago	1201	207	26867
CGG3017504	Poa	1201	7397	4544
CGG3017504	Polygonum	1201	8866	46786
CGG3017504	Populus	1201	5364	3689
CGG3017504	Potamogeton	1201	73011	13228
CGG3017504	Potentilla	1201	13739	23204
CGG3017504	Prunus	1201	237	3754
CGG3017504	Puccinellia	1201	272	13648
CGG3017504	Ranunculus	1201	7751	3445
CGG3017504	Rhinanthus	1201	1908	46059
CGG3017504	Rosa	1201	478	3764
CGG3017504	Rumex	1201	4524	3618
CGG3017504	Salix	1201	87150	40685
CGG3017504	Saxifraga	1201	14445	3798
CGG3017504	Scilla	1201	179	4701
CGG3017504	Scirpus	1201	373	46334
CGG3017504	Scrophularia	1201	114	39249
CGG3017504	Silene	1201	309	3573
CGG3017504	Sorbus	1201	1240	23222
CGG3017504	Stellaria	1201	580	13273
CGG3017504	Stuckenia	1201	16363	246706
CGG3017504	Sus	1201	517	9822
CGG3017504	Thymus	1201	6023	49990
CGG3017504	Triticum	1201	1130	4564
CGG3017504	Utricularia	1201	672	13747
CGG3017504	Vaccinium	1201	750	13749
CGG3017504	Veratrum	1201	5296	50241
CGG3017504	Viola	1201	231	13757
CGG3017504	Zannichellia	1201	770	27253
CGG3017508	Aegilops	1176	735	4480
CGG3017508	Agrostis	1176	6490	15297
CGG3017508	Alchemilla	1176	11471	23138
CGG3017508	Alopecurus	1176	93844	15303
CGG3017508	Anas	1176	213	8835
CGG3017508	Angelica	1176	21838	40948
CGG3017508	Anser	1176	507	8842
CGG3017508	Antennaria	1176	6475	41475
CGG3017508	Anthemis	1176	540	99027
CGG3017508	Anthoxanthum	1176	622	15324
CGG3017508	Anthriscus	1176	436	40886
CGG3017508	Auxenochlorella	1176	100	191392
CGG3017508	Avena	1176	191	4496
CGG3017508	Avenella	1176	209	391960
CGG3017508	Betula	1176	8775	3504
CGG3017508	Bison	1176	426	9900
CGG3017508	Bistorta	1176	70534	137670
CGG3017508	Bos	1176	386	9903
CGG3017508	Brachypodium	1176	940	15367
CGG3017508	Bromus	1176	735	4501
CGG3017508	Calamagrostis	1176	1611	15376
CGG3017508	Callitriche	1176	557	13380
CGG3017508	Caltha	1176	52152	3448
CGG3017508	Campanula	1176	977	40568
CGG3017508	Capsella	1176	153	3718
CGG3017508	Carduus	1176	168	92905
CGG3017508	Carex	1176	108124	13398
CGG3017508	Carpinus	1176	1591	12989
CGG3017508	Catabrosa	1176	18928	368337
CGG3017508	Cerastium	1176	186	3579
CGG3017508	Ceratophyllum	1176	161	4427
CGG3017508	Chlorella	1176	140	3071
CGG3017508	Comarum	1176	7106	395100
CGG3017508	Corylus	1176	6738	13450
CGG3017508	Dactylis	1176	186	4508
CGG3017508	Deschampsia	1176	106065	15452
CGG3017508	Drosera	1176	137466	4363
CGG3017508	Dryas	1176	160	48230
CGG3017508	Elatine	1176	398	125026
CGG3017508	Eleocharis	1176	8207	46324
CGG3017508	Elymus	1176	754	15492
CGG3017508	Empetrum	1176	970	45918
CGG3017508	Epilobium	1176	3064	13054
CGG3017508	Equisetum	1176	15789	3257
CGG3017508	Eriophorum	1176	1448	46326
CGG3017508	Erysimum	1176	15219	65352
CGG3017508	Euphrasia	1176	141	46053
CGG3017508	Festuca	1176	9314	4605
CGG3017508	Filipendula	1176	11614	23170
CGG3017508	Fragaria	1176	5338	3746
CGG3017508	Galeopsis	1176	108	457137
CGG3017508	Galium	1176	323	25168
CGG3017508	Geranium	1176	197	4028
CGG3017508	Geum	1176	105	3761
CGG3017508	Haloragis	1176	143	40010
CGG3017508	Hammarbya	1176	409	1155242
CGG3017508	Helictochloa	1176	442	1155210
CGG3017508	Hordeum	1176	24560	4512
CGG3017508	Isoetes	1176	2393	13838
CGG3017508	Juglans	1176	100	16718
CGG3017508	Juncus	1176	5273	13578
CGG3017508	Lemna	1176	10788	4469
CGG3017508	Leucanthemum	1176	3282	99071
CGG3017508	Leymus	1176	130	52713
CGG3017508	Littorella	1176	1780	223166
CGG3017508	Lolium	1176	6832	4520
CGG3017508	Luzula	1176	521	46322
CGG3017508	Malus	1176	2887	3749
CGG3017508	Melampyrum	1176	217	52724
CGG3017508	Menyanthes	1176	3700	24581
CGG3017508	Micranthes	1176	258	759618
CGG3017508	Milium	1176	104	368340
CGG3017508	Myosotis	1176	263	192333
CGG3017508	Myrica	1176	150	3509
CGG3017508	Myriophyllum	1176	8299195	24952
CGG3017508	Oreojuncus	1176	318	1674043
CGG3017508	Ovis	1176	2178	9935
CGG3017508	Pedicularis	1176	385	43174
CGG3017508	Penthorum	1176	147	23261
CGG3017508	Phalaris	1176	536	15740
CGG3017508	Phasianus	1176	397	9053
CGG3017508	Phegopteris	1176	202707	93618
CGG3017508	Phleum	1176	336	15956
CGG3017508	Picea	1176	269	3328
CGG3017508	Pinguicula	1176	684	4197
CGG3017508	Plantago	1176	313	26867
CGG3017508	Poa	1176	39054	4544
CGG3017508	Polygonum	1176	10301	46786
CGG3017508	Populus	1176	2458	3689
CGG3017508	Potamogeton	1176	298189	13228
CGG3017508	Potentilla	1176	52715	23204
CGG3017508	Prunus	1176	411	3754
CGG3017508	Puccinellia	1176	7029	13648
CGG3017508	Puschkinia	1176	3242	81791
CGG3017508	Ranunculus	1176	13484	3445
CGG3017508	Rhinanthus	1176	45520	46059
CGG3017508	Rosa	1176	983	3764
CGG3017508	Rumex	1176	1708	3618
CGG3017508	Saccoglossus	1176	139	10222
CGG3017508	Sagina	1176	239	230723
CGG3017508	Salix	1176	423226	40685
CGG3017508	Saxifraga	1176	10536	3798
CGG3017508	Scilla	1176	10342	4701
CGG3017508	Scirpus	1176	3017	46334
CGG3017508	Scrophularia	1176	201	39249
CGG3017508	Silene	1176	240	3573
CGG3017508	Sorbus	1176	5097	23222
CGG3017508	Stellaria	1176	11693	13273
CGG3017508	Stuckenia	1176	35134	246706
CGG3017508	Sus	1176	1830	9822
CGG3017508	Thymus	1176	8079	49990
CGG3017508	Trichophorum	1176	344	76514
CGG3017508	Trisetum	1176	160	87476
CGG3017508	Triticum	1176	2153	4564
CGG3017508	Trollius	1176	6907	39245
CGG3017508	Utricularia	1176	1611	13747
CGG3017508	Vaccinium	1176	44674	13749
CGG3017508	Veratrum	1176	33270	50241
CGG3017508	Veronica	1176	312	4173
CGG3017508	Viola	1176	11378	13757
CGG3017508	Zannichellia	1176	1181	27253
CGG3017512	Aegilops	1151	636	4480
CGG3017512	Agrostis	1151	10137	15297
CGG3017512	Alchemilla	1151	4343	23138
CGG3017512	Alopecurus	1151	17594	15303
CGG3017512	Anas	1151	197	8835
CGG3017512	Angelica	1151	3448	40948
CGG3017512	Antennaria	1151	1416	41475
CGG3017512	Anthoxanthum	1151	151	15324
CGG3017512	Armeria	1151	334	63086
CGG3017512	Avenella	1151	133	391960
CGG3017512	Betula	1151	3070	3504
CGG3017512	Bison	1151	490	9900
CGG3017512	Bistorta	1151	8673	137670
CGG3017512	Bos	1151	255	9903
CGG3017512	Botrychium	1151	139	13829
CGG3017512	Brachypodium	1151	223	15367
CGG3017512	Bromus	1151	347	4501
CGG3017512	Calamagrostis	1151	450	15376
CGG3017512	Callitriche	1151	409	13380
CGG3017512	Caltha	1151	53847	3448
CGG3017512	Campanula	1151	958	40568
CGG3017512	Capsella	1151	454	3718
CGG3017512	Carex	1151	26003	13398
CGG3017512	Carpinus	1151	699	12989
CGG3017512	Catabrosa	1151	1826	368337
CGG3017512	Comarum	1151	263	395100
CGG3017512	Corylus	1151	2629	13450
CGG3017512	Cricetulus	1151	152	10028
CGG3017512	Dactylis	1151	154	4508
CGG3017512	Deschampsia	1151	428	15452
CGG3017512	Drosera	1151	17767	4363
CGG3017512	Elatine	1151	307	125026
CGG3017512	Eleocharis	1151	4840	46324
CGG3017512	Elymus	1151	781	15492
CGG3017512	Empetrum	1151	646	45918
CGG3017512	Epilobium	1151	779	13054
CGG3017512	Equisetum	1151	3604	3257
CGG3017512	Equus	1151	1312	9789
CGG3017512	Eriophorum	1151	715	46326
CGG3017512	Erysimum	1151	12792	65352
CGG3017512	Euphrasia	1151	221	46053
CGG3017512	Festuca	1151	8823	4605
CGG3017512	Filipendula	1151	3571	23170
CGG3017512	Fragaria	1151	1250	3746
CGG3017512	Geranium	1151	279	4028
CGG3017512	Glyceria	1151	196	37871
CGG3017512	Helictochloa	1151	784	1155210
CGG3017512	Hordeum	1151	18146	4512
CGG3017512	Isoetes	1151	1889	13838
CGG3017512	Juncus	1151	792	13578
CGG3017512	Lemna	1151	790	4469
CGG3017512	Littorella	1151	578	223166
CGG3017512	Lolium	1151	3593	4520
CGG3017512	Luzula	1151	1295	46322
CGG3017512	Malus	1151	365	3749
CGG3017512	Menyanthes	1151	755	24581
CGG3017512	Myosotis	1151	144	192333
CGG3017512	Myriophyllum	1151	493534	24952
CGG3017512	Oreojuncus	1151	194	1674043
CGG3017512	Ovis	1151	1635	9935
CGG3017512	Parnassia	1151	131	3796
CGG3017512	Phalaris	1151	155	15740
CGG3017512	Phasianus	1151	133	9053
CGG3017512	Phegopteris	1151	62950	93618
CGG3017512	Pinguicula	1151	116	4197
CGG3017512	Plantago	1151	273	26867
CGG3017512	Poa	1151	23632	4544
CGG3017512	Polygonum	1151	7122	46786
CGG3017512	Populus	1151	360	3689
CGG3017512	Potamogeton	1151	206152	13228
CGG3017512	Potentilla	1151	11184	23204
CGG3017512	Prunus	1151	114	3754
CGG3017512	Puccinellia	1151	2680	13648
CGG3017512	Puschkinia	1151	1596	81791
CGG3017512	Pyrus	1151	111	3766
CGG3017512	Ranunculus	1151	18097	3445
CGG3017512	Rhinanthus	1151	3562	46059
CGG3017512	Rosa	1151	251	3764
CGG3017512	Rumex	1151	1206	3618
CGG3017512	Salix	1151	44212	40685
CGG3017512	Saxifraga	1151	6048	3798
CGG3017512	Scilla	1151	1745	4701
CGG3017512	Silene	1151	126	3573
CGG3017512	Sorbus	1151	637	23222
CGG3017512	Stellaria	1151	453	13273
CGG3017512	Stuckenia	1151	44785	246706
CGG3017512	Sus	1151	955	9822
CGG3017512	Thymus	1151	8287	49990
CGG3017512	Trichophorum	1151	308	76514
CGG3017512	Triticum	1151	1564	4564
CGG3017512	Utricularia	1151	563	13747
CGG3017512	Vaccinium	1151	697	13749
CGG3017512	Veratrum	1151	3821	50241
CGG3017512	Veronica	1151	154	4173
CGG3017512	Viola	1151	145	13757
CGG3017512	Zannichellia	1151	530	27253
